h_age	h_organism_id	h_organism_name	index	char_normalized_h_age	char_normalized	char_valid?_h_age	char_normalization_score_h_age	word_normalized_h_age	word_normalized	word_valid?_h_age	word_normalization_score_h_age	phrase_normalized_h_age	phrase_normalized	phrase_valid?_h_age	phrase_normalization_score_h_age	overall_normalization_score_h_age	curator_review
29-38	9606	Homo sapiens (human)	19	29-38	N	pass	0	29-38	N	pass	0	29-38	N	fail	0	0	
Adults (pregnant)	9606	Homo sapiens (human)	34	adults (pregnant)	Y	pass	1	adult (pregnant)	Y	pass	1	adult (pregnant)	N	fail	0	2	
average age 29.8 years	9606	Homo sapiens (human)	54	average age 29.8 years	N	pass	0	average age 29.8 year	Y	pass	1	average age 29.8 year	N	fail	0	1	
31-39	9606	Homo sapiens (human)	75	31-39	N	pass	0	31-39	N	pass	0	31-39	N	fail	0	0	
Adults (40 year-old average)	9606	Homo sapiens (human)	77	adults (40 year-old average)	Y	pass	1	adult (40 year-old average)	Y	pass	1	adult (40 year average)	Y	fail	4	6	
73	9606	Homo sapiens (human)	134	73	N	pass	0	73	N	pass	0	73	N	fail	0	0	
7-79	9606	Homo sapiens (human)	147	7-79	N	pass	0	7-79	N	pass	0	7-79	N	fail	0	0	
mean 54 years (range 19-68)	9606	Homo sapiens (human)	177	mean 54 years (range 19-68)	N	pass	0	mean 54 year (range 19-68)	Y	pass	1	mean 54 year (range 19-68)	N	fail	0	1	
average age 29.8	9606	Homo sapiens (human)	203	average age 29.8	N	pass	0	average age 29.8	N	pass	0	average age 29.8	N	fail	0	0	
Mean: 29 years	9606	Homo sapiens (human)	225	mean: 29 years	Y	pass	1	mean: 29 year	Y	pass	1	mean: 29 year	N	fail	0	2	
32	9606	Homo sapiens (human)	238	32	N	pass	0	32	N	pass	0	32	N	fail	0	0	
32-42	9606	Homo sapiens (human)	239	32-42	N	pass	0	32-42	N	pass	0	32-42	N	fail	0	0	
37-57	9606	Homo sapiens (human)	274	37-57	N	pass	0	37-57	N	pass	0	37-57	N	fail	0	0	
52-68	9606	Homo sapiens (human)	279	52-68	N	pass	0	52-68	N	pass	0	52-68	N	fail	0	0	
10.5 years avg.	9606	Homo sapiens (human)	292	10.5 years avg.	N	pass	0	10.5 year average.	Y	pass	5	10.5 year average	Y	fail	1	5	
18–64 years)	9606	Homo sapiens (human)	298	18-64 years)	Y	pass	1	18-64 years)	N	pass	0	18-64 years)	N	fail	0	1	
At least 8 weeks old	10000000	Mus musculus BALB/c	307	at least 8 weeks old	Y	pass	1	at least 8 week old	Y	pass	1	at least 8 week	Y	fail	4	6	
8 weeks or older	10000067	Mus musculus C57BL/6	313	8 weeks or older	N	pass	0	8 week or older	Y	pass	1	8 week or older	N	fail	0	1	
2 months or older	10000000	Mus musculus BALB/c	320	2 months or older	N	pass	0	2 month or older	Y	pass	1	2 month or older	N	fail	0	1	
21 - 85 yo	9606	Homo sapiens (human)	326	21 - 85 yo	N	pass	0	21 - 85 yo	N	pass	0	21-85 yo	Y	fail	2	2	
17-57	9606	Homo sapiens (human)	328	17-57	N	pass	0	17-57	N	pass	0	17-57	N	fail	0	0	
35.4 yrs average	9606	Homo sapiens (human)	330	35.4 yrs average	N	pass	0	35.4 year average	Y	pass	3	35.4 year average	N	fail	0	3	
18-72	9606	Homo sapiens (human)	333	18-72	N	pass	0	18-72	N	pass	0	18-72	N	fail	0	0	
6 months-1.1 year	9606	Homo sapiens (human)	334	6 months-1.1 year	N	pass	0	6 month-1.1 year	Y	fail	1	6 month-1.1 year	N	fail	0	1	
4 months- 4 years	9606	Homo sapiens (human)	337	4 months- 4 years	N	pass	0	4 month- 4 year	Y	fail	2	4 month- 4 year	N	fail	0	2	
35	9606	Homo sapiens (human)	362	35	N	pass	0	35	N	pass	0	35	N	fail	0	0	
18-61	9606	Homo sapiens (human)	366	18-61	N	pass	0	18-61	N	pass	0	18-61	N	fail	0	0	
mean age 30 years	9606	Homo sapiens (human)	380	mean age 30 years	N	pass	0	mean age 30 year	Y	pass	1	mean age 30 year	N	fail	0	1	
17-88	9606	Homo sapiens (human)	392	17-88	N	pass	0	17-88	N	pass	0	17-88	N	fail	0	0	
10 years and older	9606	Homo sapiens (human)	412	10 years and older	N	pass	0	10 year and older	Y	pass	1	10 year and older	N	fail	0	1	
30	9606	Homo sapiens (human)	414	30	N	pass	0	30	N	pass	0	30	N	fail	0	0	
mean age 46.5 years	9606	Homo sapiens (human)	421	mean age 46.5 years	N	pass	0	mean age 46.5 year	Y	pass	1	mean age 46.5 year	N	fail	0	1	
1 month-old-81 years-old	9606	Homo sapiens (human)	426	1 month-old-81 years-old	N	pass	0	1 month-old-81 year-old	Y	fail	1	1 month-81 year	Y	fail	8	9	
43-46	9606	Homo sapiens (human)	470	43-46	N	pass	0	43-46	N	pass	0	43-46	N	fail	0	0	
27-60	10000119	Homo sapiens Caucasian	489	27-60	N	pass	0	27-60	N	pass	0	27-60	N	fail	0	0	
Children (mean age 7.2 years)	9606	Homo sapiens (human)	505	children (mean age 7.2 years)	Y	pass	1	child (mean age 7.2 years)	Y	pass	3	child (mean age 7.2 years)	N	fail	0	4	
30-86	9606	Homo sapiens (human)	506	30-86	N	pass	0	30-86	N	pass	0	30-86	N	fail	0	0	
average age 35.1	9606	Homo sapiens (human)	525	average age 35.1	N	pass	0	average age 35.1	N	pass	0	average age 35.1	N	fail	0	0	
Mean age = 30.7 years	9606	Homo sapiens (human)	532	mean age = 30.7 years	Y	pass	1	mean age = 30.7 year	Y	pass	1	mean age = 30.7 year	N	fail	0	2	
5 months-3 years	9606	Homo sapiens (human)	542	5 months-3 years	N	pass	0	5 month-3 year	Y	fail	2	5 month-3 year	N	fail	0	2	
50	9606	Homo sapiens (human)	575	50	N	pass	0	50	N	pass	0	50	N	fail	0	0	
41-55	9606	Homo sapiens (human)	584	41-55	N	pass	0	41-55	N	pass	0	41-55	N	fail	0	0	
20-65	9606	Homo sapiens (human)	597	20-65	N	pass	0	20-65	N	pass	0	20-65	N	fail	0	0	
6 months to 2 years	9606	Homo sapiens (human)	610	6 months to 2 years	N	pass	0	6 month to 2 year	Y	fail	2	6 month to 2 year	N	fail	0	2	
average 48 years	9606	Homo sapiens (human)	630	average 48 years	N	pass	0	average 48 year	Y	pass	1	average 48 year	N	fail	0	1	
6 weeks or older	10000233	Mus musculus CBA/Ca	651	6 weeks or older	N	pass	0	6 week or older	Y	pass	1	6 week or older	N	fail	0	1	
6 weeks or older	10000000	Mus musculus BALB/c	679	6 weeks or older	N	pass	0	6 week or older	Y	pass	1	6 week or older	N	fail	0	1	
37 yrs average	9606	Homo sapiens (human)	686	37 yrs average	N	pass	0	37 year average	Y	pass	3	37 year average	N	fail	0	3	
21	9606	Homo sapiens (human)	699	21	N	pass	0	21	N	pass	0	21	N	fail	0	0	
37 yrs. Average	9606	Homo sapiens (human)	720	37 yrs. average	Y	pass	1	37 year. average	Y	pass	3	37 year. average	N	fail	0	4	
47.6	9606	Homo sapiens (human)	731	47.6	N	pass	0	47.6	N	pass	0	47.6	N	fail	0	0	
mean age 54 years	9606	Homo sapiens (human)	743	mean age 54 years	N	pass	0	mean age 54 year	Y	pass	1	mean age 54 year	N	fail	0	1	
50-76	9606	Homo sapiens (human)	744	50-76	N	pass	0	50-76	N	pass	0	50-76	N	fail	0	0	
31-80	9606	Homo sapiens (human)	768	31-80	N	pass	0	31-80	N	pass	0	31-80	N	fail	0	0	
31-37	9606	Homo sapiens (human)	770	31-37	N	pass	0	31-37	N	pass	0	31-37	N	fail	0	0	
Adults and children (ages 4.5-10.5 and 15-44)	9606	Homo sapiens (human)	772	adults and children (ages 4.5-10.5 and 15-44)	Y	pass	1	adult and child (ages 4.5-10.5 and 15-44)	Y	pass	4	adult and child (ages 4.5-10.5 and 15-44)	N	fail	0	5	
At least 8 weeks old	10000067	Mus musculus C57BL/6	777	at least 8 weeks old	Y	pass	1	at least 8 week old	Y	pass	1	at least 8 week	Y	fail	4	6	
47	9606	Homo sapiens (human)	793	47	N	pass	0	47	N	pass	0	47	N	fail	0	0	
66-88	9606	Homo sapiens (human)	798	66-88	N	pass	0	66-88	N	pass	0	66-88	N	fail	0	0	
Mean: 30 years	9606	Homo sapiens (human)	817	mean: 30 years	Y	pass	1	mean: 30 year	Y	pass	1	mean: 30 year	N	fail	0	2	
average of 30.2 years	9606	Homo sapiens (human)	844	average of 30.2 years	N	pass	0	average of 30.2 year	Y	pass	1	average of 30.2 year	N	fail	0	1	
8-10	10000000	Mus musculus BALB/c	871	8-10	N	pass	0	8-10	N	pass	0	8-10	N	fail	0	0	
23-32	9606	Homo sapiens (human)	883	23-32	N	pass	0	23-32	N	pass	0	23-32	N	fail	0	0	
~ 33 to 55 years	9606	Homo sapiens (human)	920	~ 33 to 55 years	N	pass	0	~ 33 to 55 year	Y	pass	1	~ 33-55 year	Y	fail	4	5	
42	9606	Homo sapiens (human)	935	42	N	pass	0	42	N	pass	0	42	N	fail	0	0	
31	9606	Homo sapiens (human)	940	31	N	pass	0	31	N	pass	0	31	N	fail	0	0	
31-42	9606	Homo sapiens (human)	941	31-42	N	pass	0	31-42	N	pass	0	31-42	N	fail	0	0	
29-70	9606	Homo sapiens (human)	944	29-70	N	pass	0	29-70	N	pass	0	29-70	N	fail	0	0	
32-74	9606	Homo sapiens (human)	951	32-74	N	pass	0	32-74	N	pass	0	32-74	N	fail	0	0	
6-8	10000067	Mus musculus C57BL/6	955	6-8	N	pass	0	6-8	N	pass	0	6-8	N	fail	0	0	
26	9606	Homo sapiens (human)	958	26	N	pass	0	26	N	pass	0	26	N	fail	0	0	
11-50	9606	Homo sapiens (human)	969	11-50	N	pass	0	11-50	N	pass	0	11-50	N	fail	0	0	
10 to over 90 years	9606	Homo sapiens (human)	979	10 to over 90 years	N	pass	0	10 to > 90 year	Y	pass	5	10 to >90 year	Y	fail	1	6	
9-72	9606	Homo sapiens (human)	983	9-72	N	pass	0	9-72	N	pass	0	9-72	N	fail	0	0	
Adult (within 24 hours of parturition)	9606	Homo sapiens (human)	988	adult (within 24 hours of parturition)	Y	pass	1	adult (within 24 hour of parturition)	Y	pass	1	adult (within 24 hour of parturition)	N	fail	0	2	
2 months and 5 months	10000224	Mus musculus C57BL/6JTgN(Alb1HBV)44Bri	1012	2 months and 5 months	N	pass	0	2 month and 5 month	Y	pass	2	2 month and 5 month	N	fail	0	2	
6 weeks or older	10090	Mus musculus (mouse)	1038	6 weeks or older	N	pass	0	6 week or older	Y	pass	1	6 week or older	N	fail	0	1	
44	9606	Homo sapiens (human)	1059	44	N	pass	0	44	N	pass	0	44	N	fail	0	0	
6-8	10000000	Mus musculus BALB/c	1063	6-8	N	pass	0	6-8	N	pass	0	6-8	N	fail	0	0	
6-8	10000916	Mus musculus C3H/He-mg	1070	6-8	N	pass	0	6-8	N	pass	0	6-8	N	fail	0	0	
7 yo 8 weeks	10000576	Mus musculus HLA-A*02:01 Tg	1074	7 yo 8 weeks	N	pass	0	7 yo 8 week	Y	pass	1	7 yo 8 week	N	fail	0	1	
35.4 yrs. Average	9606	Homo sapiens (human)	1091	35.4 yrs. average	Y	pass	1	35.4 year. average	Y	pass	3	35.4 year. average	N	fail	0	4	
Median age 11.3 years	9606	Homo sapiens (human)	1120	median age 11.3 years	Y	pass	1	median age 11.3 year	Y	pass	1	median age 11.3 year	N	fail	0	2	
2 months to 52 years	9606	Homo sapiens (human)	1134	2 months to 52 years	N	pass	0	2 month to 52 year	Y	fail	2	2 month to 52 year	N	fail	0	2	
Median age 6.3 years	9606	Homo sapiens (human)	1138	median age 6.3 years	Y	pass	1	median age 6.3 year	Y	pass	1	median age 6.3 year	N	fail	0	2	
25	9606	Homo sapiens (human)	1180	25	N	pass	0	25	N	pass	0	25	N	fail	0	0	
49	9606	Homo sapiens (human)	1181	49	N	pass	0	49	N	pass	0	49	N	fail	0	0	
17	9606	Homo sapiens (human)	1190	17	N	pass	0	17	N	pass	0	17	N	fail	0	0	
1-32	9606	Homo sapiens (human)	1215	1-32	N	pass	0	1-32	N	pass	0	1-32	N	fail	0	0	
Mean=28.5 ± 15.0	9606	Homo sapiens (human)	1232	mean=28.5 +/- 15.0	Y	pass	4	mean=28.5 +/- 15.0	N	pass	0	mean=28.5 +/- 15.0	N	fail	0	4	
10.1 ± 3.6 yr	9606	Homo sapiens (human)	1261	10.1 +/- 3.6 yr	Y	pass	3	10.1 +/- 3.6 year	Y	pass	2	10.1 +/- 3.6 year	N	fail	0	5	
41-73	9606	Homo sapiens (human)	1265	41-73	N	pass	0	41-73	N	pass	0	41-73	N	fail	0	0	
32-58	9606	Homo sapiens (human)	1273	32-58	N	pass	0	32-58	N	pass	0	32-58	N	fail	0	0	
mean age 26.5 years	9606	Homo sapiens (human)	1290	mean age 26.5 years	N	pass	0	mean age 26.5 year	Y	pass	1	mean age 26.5 year	N	fail	0	1	
38.6 years (mean age)	9606	Homo sapiens (human)	1336	38.6 years (mean age)	N	pass	0	38.6 year (mean age)	Y	pass	1	38.6 year (mean age)	N	fail	0	1	
2 months or 2-10 months	10000047	Mus musculus C57BL/10	1345	2 months or 2-10 months	N	pass	0	2 month or 2-10 month	Y	pass	2	2 month or 2-10 month	N	fail	0	2	
average age = 19.2 years	9606	Homo sapiens (human)	1374	average age = 19.2 years	N	pass	0	average age = 19.2 year	Y	pass	1	average age = 19.2 year	N	fail	0	1	
51	9606	Homo sapiens (human)	1375	51	N	pass	0	51	N	pass	0	51	N	fail	0	0	
50-58	9606	Homo sapiens (human)	1377	50-58	N	pass	0	50-58	N	pass	0	50-58	N	fail	0	0	
30-45	9606	Homo sapiens (human)	1378	30-45	N	pass	0	30-45	N	pass	0	30-45	N	fail	0	0	
28-44	9606	Homo sapiens (human)	1383	28-44	N	pass	0	28-44	N	pass	0	28-44	N	fail	0	0	
54	9606	Homo sapiens (human)	1397	54	N	pass	0	54	N	pass	0	54	N	fail	0	0	
within 12 hours of birth	10000038	Mus musculus C3H/He	1403	within 12 hours of birth	N	pass	0	within 12 hour of birth	Y	pass	1	within 12 hour of birth	N	fail	0	1	
older than 8 weeks	10000216	Mus musculus C57BL/6 X BALB/c	1413	older than 8 weeks	N	pass	0	older than 8 week	Y	pass	1	older than 8 week	N	fail	0	1	
36	9606	Homo sapiens (human)	1425	36	N	pass	0	36	N	pass	0	36	N	fail	0	0	
43	9606	Homo sapiens (human)	1429	43	N	pass	0	43	N	pass	0	43	N	fail	0	0	
48	9606	Homo sapiens (human)	1430	48	N	pass	0	48	N	pass	0	48	N	fail	0	0	
29	9606	Homo sapiens (human)	1431	29	N	pass	0	29	N	pass	0	29	N	fail	0	0	
27	9606	Homo sapiens (human)	1438	27	N	pass	0	27	N	pass	0	27	N	fail	0	0	
38	9606	Homo sapiens (human)	1442	38	N	pass	0	38	N	pass	0	38	N	fail	0	0	
45-52	9606	Homo sapiens (human)	1468	45-52	N	pass	0	45-52	N	pass	0	45-52	N	fail	0	0	
12-20	10001537	Mus musculus PL	1478	12-20	N	pass	0	12-20	N	pass	0	12-20	N	fail	0	0	
Adult (avg. age = 30.8 years)	9606	Homo sapiens (human)	1495	adult (avg. age = 30.8 years)	Y	pass	1	adult (avg. age = 30.8 years)	N	pass	0	adult (avg. age = 30.8 years)	N	fail	0	1	
24 hours after birth	10000274	Mus musculus B10.PL	1524	24 hours after birth	N	pass	0	24 hour after birth	Y	pass	1	24 hour after birth	N	fail	0	1	
19-25	9606	Homo sapiens (human)	1539	19-25	N	pass	0	19-25	N	pass	0	19-25	N	fail	0	0	
19-26	9606	Homo sapiens (human)	1540	19-26	N	pass	0	19-26	N	pass	0	19-26	N	fail	0	0	
Children (avg. age = 9.5 years)	9606	Homo sapiens (human)	1543	children (avg. age = 9.5 years)	Y	pass	1	child (avg. age = 9.5 years)	Y	pass	3	child (avg. age = 9.5 years)	N	fail	0	4	
39	9606	Homo sapiens (human)	1558	39	N	pass	0	39	N	pass	0	39	N	fail	0	0	
mean age 31 years	9606	Homo sapiens (human)	1593	mean age 31 years	N	pass	0	mean age 31 year	Y	pass	1	mean age 31 year	N	fail	0	1	
8 weeks or older	10000000	Mus musculus BALB/c	1594	8 weeks or older	N	pass	0	8 week or older	Y	pass	1	8 week or older	N	fail	0	1	
29-55	9606	Homo sapiens (human)	1616	29-55	N	pass	0	29-55	N	pass	0	29-55	N	fail	0	0	
19-48	9606	Homo sapiens (human)	1620	19-48	N	pass	0	19-48	N	pass	0	19-48	N	fail	0	0	
23-53	9606	Homo sapiens (human)	1639	23-53	N	pass	0	23-53	N	pass	0	23-53	N	fail	0	0	
24-36	9606	Homo sapiens (human)	1640	24-36	N	pass	0	24-36	N	pass	0	24-36	N	fail	0	0	
median age 28 years	9606	Homo sapiens (human)	1647	median age 28 years	N	pass	0	median age 28 year	Y	pass	1	median age 28 year	N	fail	0	1	
15	9606	Homo sapiens (human)	1652	15	N	pass	0	15	N	pass	0	15	N	fail	0	0	
43-65	9606	Homo sapiens (human)	1669	43-65	N	pass	0	43-65	N	pass	0	43-65	N	fail	0	0	
Mean age 65 years	9606	Homo sapiens (human)	1683	mean age 65 years	Y	pass	1	mean age 65 year	Y	pass	1	mean age 65 year	N	fail	0	2	
18-70	9606	Homo sapiens (human)	1724	18-70	N	pass	0	18-70	N	pass	0	18-70	N	fail	0	0	
~ 31 to 55 years	9606	Homo sapiens (human)	1732	~ 31 to 55 years	N	pass	0	~ 31 to 55 year	Y	pass	1	~ 31-55 year	Y	fail	4	5	
Adults (15-44)	9606	Homo sapiens (human)	1774	adults (15-44)	Y	pass	1	adult (15-44)	Y	pass	1	adult (15-44)	N	fail	0	2	
mean age 34.4 years	9606	Homo sapiens (human)	1806	mean age 34.4 years	N	pass	0	mean age 34.4 year	Y	pass	1	mean age 34.4 year	N	fail	0	1	
6-8	10000649	Mus musculus SJL	1823	6-8	N	pass	0	6-8	N	pass	0	6-8	N	fail	0	0	
6-8	10000062	Mus musculus FVB/J	1824	6-8	N	pass	0	6-8	N	pass	0	6-8	N	fail	0	0	
6-8	10000053	Mus musculus DBA	1826	6-8	N	pass	0	6-8	N	pass	0	6-8	N	fail	0	0	
4 wk - 3 mo	10000000	Mus musculus BALB/c	1841	4 wk - 3 mo	N	pass	0	4 week - 3 month	Y	fail	5	4 week - 3 month	N	fail	0	5	
mean age = 30 years	9606	Homo sapiens (human)	1851	mean age = 30 years	N	pass	0	mean age = 30 year	Y	pass	1	mean age = 30 year	N	fail	0	1	
8 weeks to 6 months	10000253	Mus musculus A/J	1868	8 weeks to 6 months	N	pass	0	8 week to 6 month	Y	fail	2	8 week to 6 month	N	fail	0	2	
8 weeks to 6 months	10000067	Mus musculus C57BL/6	1869	8 weeks to 6 months	N	pass	0	8 week to 6 month	Y	fail	2	8 week to 6 month	N	fail	0	2	
8 weeks to 6 months	10000000	Mus musculus BALB/c	1870	8 weeks to 6 months	N	pass	0	8 week to 6 month	Y	fail	2	8 week to 6 month	N	fail	0	2	
40 years or older	10000119	Homo sapiens Caucasian	1917	40 years or older	N	pass	0	40 year or older	Y	pass	1	40 year or older	N	fail	0	1	
21-35	9606	Homo sapiens (human)	1918	21-35	N	pass	0	21-35	N	pass	0	21-35	N	fail	0	0	
68-76	9606	Homo sapiens (human)	1925	68-76	N	pass	0	68-76	N	pass	0	68-76	N	fail	0	0	
25-37	9606	Homo sapiens (human)	1926	25-37	N	pass	0	25-37	N	pass	0	25-37	N	fail	0	0	
14-74	9606	Homo sapiens (human)	1934	14-74	N	pass	0	14-74	N	pass	0	14-74	N	fail	0	0	
25-73	9606	Homo sapiens (human)	1941	25-73	N	pass	0	25-73	N	pass	0	25-73	N	fail	0	0	
20-51	9606	Homo sapiens (human)	1955	20-51	N	pass	0	20-51	N	pass	0	20-51	N	fail	0	0	
60	9606	Homo sapiens (human)	1973	60	N	pass	0	60	N	pass	0	60	N	fail	0	0	
34	9606	Homo sapiens (human)	1976	34	N	pass	0	34	N	pass	0	34	N	fail	0	0	
38-53	9606	Homo sapiens (human)	1988	38-53	N	pass	0	38-53	N	pass	0	38-53	N	fail	0	0	
mean age = 27 years	9606	Homo sapiens (human)	1989	mean age = 27 years	N	pass	0	mean age = 27 year	Y	pass	1	mean age = 27 year	N	fail	0	1	
16-53	9606	Homo sapiens (human)	2011	16-53	N	pass	0	16-53	N	pass	0	16-53	N	fail	0	0	
19-57	9606	Homo sapiens (human)	2017	19-57	N	pass	0	19-57	N	pass	0	19-57	N	fail	0	0	
30-78	9606	Homo sapiens (human)	2030	30-78	N	pass	0	30-78	N	pass	0	30-78	N	fail	0	0	
68 years, and 70 years	9606	Homo sapiens (human)	2059	68 years, and 70 years	N	pass	0	68 year, and 70 year	Y	pass	2	68 year, and 70 year	N	fail	0	2	
mean age = 49.2 years	9606	Homo sapiens (human)	2061	mean age = 49.2 years	N	pass	0	mean age = 49.2 year	Y	pass	1	mean age = 49.2 year	N	fail	0	1	
13-45	9606	Homo sapiens (human)	2087	13-45	N	pass	0	13-45	N	pass	0	13-45	N	fail	0	0	
12-43	9606	Homo sapiens (human)	2088	12-43	N	pass	0	12-43	N	pass	0	12-43	N	fail	0	0	
46	9606	Homo sapiens (human)	2091	46	N	pass	0	46	N	pass	0	46	N	fail	0	0	
10-52	9606	Homo sapiens (human)	2092	10-52	N	pass	0	10-52	N	pass	0	10-52	N	fail	0	0	
12-41	9606	Homo sapiens (human)	2094	12-41	N	pass	0	12-41	N	pass	0	12-41	N	fail	0	0	
13	9606	Homo sapiens (human)	2096	13	N	pass	0	13	N	pass	0	13	N	fail	0	0	
Median age 5.5 years	9606	Homo sapiens (human)	2098	median age 5.5 years	Y	pass	1	median age 5.5 year	Y	pass	1	median age 5.5 year	N	fail	0	2	
27 to 51	9606	Homo sapiens (human)	2106	27 to 51	N	pass	0	27 to 51	N	pass	0	27-51	Y	fail	4	4	
40	9606	Homo sapiens (human)	2132	40	N	pass	0	40	N	pass	0	40	N	fail	0	0	
12 years 9 months	9606	Homo sapiens (human)	2158	12 years 9 months	N	pass	0	12 year 9 month	Y	fail	2	12 year 9 month	N	fail	0	2	
19	9606	Homo sapiens (human)	2162	19	N	pass	0	19	N	pass	0	19	N	fail	0	0	
28	9606	Homo sapiens (human)	2166	28	N	pass	0	28	N	pass	0	28	N	fail	0	0	
50 ± 15 years	9606	Homo sapiens (human)	2200	50 +/- 15 years	Y	pass	3	50 +/- 15 year	Y	pass	1	50 +/- 15 year	N	fail	0	4	
40 ± 12 years	9606	Homo sapiens (human)	2201	40 +/- 12 years	Y	pass	3	40 +/- 12 year	Y	pass	1	40 +/- 12 year	N	fail	0	4	
6-8 weeks, and 4 months	10000067	Mus musculus C57BL/6	2237	6-8 weeks, and 4 months	N	pass	0	6-8 week, and 4 month	Y	fail	2	6-8 week, and 4 month	N	fail	0	2	
mean age 46 years	9606	Homo sapiens (human)	2261	mean age 46 years	N	pass	0	mean age 46 year	Y	pass	1	mean age 46 year	N	fail	0	1	
16 ± 11 days	9913	Bos taurus (bovine)	2291	16 +/- 11 days	Y	pass	3	16 +/- 11 day	Y	pass	1	16 +/- 11 day	N	fail	0	4	
41±13 years	9606	Homo sapiens (human)	2292	41+/-13 years	Y	pass	3	41+/-13 year	Y	pass	1	41 +/- 13 year	Y	fail	2	6	
54±10 years	9606	Homo sapiens (human)	2293	54+/-10 years	Y	pass	3	54+/-10 year	Y	pass	1	54 +/- 10 year	Y	fail	2	6	
23-64	9606	Homo sapiens (human)	2295	23-64	N	pass	0	23-64	N	pass	0	23-64	N	fail	0	0	
20 - >65 years	9606	Homo sapiens (human)	2321	20 - >65 years	N	pass	0	20 - >65 year	Y	pass	1	20 - >65 year	N	fail	0	1	
mean age 34.6 years	9606	Homo sapiens (human)	2335	mean age 34.6 years	N	pass	0	mean age 34.6 year	Y	pass	1	mean age 34.6 year	N	fail	0	1	
mean age 50.7 years	9606	Homo sapiens (human)	2336	mean age 50.7 years	N	pass	0	mean age 50.7 year	Y	pass	1	mean age 50.7 year	N	fail	0	1	
mean age 40 years	9606	Homo sapiens (human)	2337	mean age 40 years	N	pass	0	mean age 40 year	Y	pass	1	mean age 40 year	N	fail	0	1	
32-63	9606	Homo sapiens (human)	2382	32-63	N	pass	0	32-63	N	pass	0	32-63	N	fail	0	0	
8-10	10000067	Mus musculus C57BL/6	2385	8-10	N	pass	0	8-10	N	pass	0	8-10	N	fail	0	0	
45	9606	Homo sapiens (human)	2386	45	N	pass	0	45	N	pass	0	45	N	fail	0	0	
8-10	10001221	Mus musculus C57BL/6 x SJL	2397	8-10	N	pass	0	8-10	N	pass	0	8-10	N	fail	0	0	
33-39	9606	Homo sapiens (human)	2414	33-39	N	pass	0	33-39	N	pass	0	33-39	N	fail	0	0	
26-55	9606	Homo sapiens (human)	2421	26-55	N	pass	0	26-55	N	pass	0	26-55	N	fail	0	0	
adult (>18 years)	9606	Homo sapiens (human)	2468	adult (>18 years)	N	pass	0	adult (>18 years)	N	pass	0	adult (>18 years)	N	fail	0	0	
18-75 years (mean 39.1)	9606	Homo sapiens (human)	2472	18-75 years (mean 39.1)	N	pass	0	18-75 year (mean 39.1)	Y	pass	1	18-75 year (mean 39.1)	N	fail	0	1	
18-75 years (mean 46)	9606	Homo sapiens (human)	2473	18-75 years (mean 46)	N	pass	0	18-75 year (mean 46)	Y	pass	1	18-75 year (mean 46)	N	fail	0	1	
mean age 22.8 years	9606	Homo sapiens (human)	2481	mean age 22.8 years	N	pass	0	mean age 22.8 year	Y	pass	1	mean age 22.8 year	N	fail	0	1	
at least 8 weeks	10000067	Mus musculus C57BL/6	2486	at least 8 weeks	N	pass	0	at least 8 week	Y	pass	1	at least 8 week	N	fail	0	1	
39-43	9606	Homo sapiens (human)	2494	39-43	N	pass	0	39-43	N	pass	0	39-43	N	fail	0	0	
29-63	9606	Homo sapiens (human)	2533	29-63	N	pass	0	29-63	N	pass	0	29-63	N	fail	0	0	
18-45	9606	Homo sapiens (human)	2550	18-45	N	pass	0	18-45	N	pass	0	18-45	N	fail	0	0	
19-61	9606	Homo sapiens (human)	2551	19-61	N	pass	0	19-61	N	pass	0	19-61	N	fail	0	0	
24-67	9606	Homo sapiens (human)	2566	24-67	N	pass	0	24-67	N	pass	0	24-67	N	fail	0	0	
33-87	9606	Homo sapiens (human)	2605	33-87	N	pass	0	33-87	N	pass	0	33-87	N	fail	0	0	
23-67	9606	Homo sapiens (human)	2615	23-67	N	pass	0	23-67	N	pass	0	23-67	N	fail	0	0	
6-15	9606	Homo sapiens (human)	2620	6-15	N	pass	0	6-15	N	pass	0	6-15	N	fail	0	0	
18-22 months or 4-6 months	10000067	Mus musculus C57BL/6	2622	18-22 months or 4-6 months	N	pass	0	18-22 month or 4-6 month	Y	pass	2	18-22 month or 4-6 month	N	fail	0	2	
8 days or 4-6 months	10000067	Mus musculus C57BL/6	2625	8 days or 4-6 months	N	pass	0	8 day or 4-6 month	Y	fail	2	8 day or 4-6 month	N	fail	0	2	
20-58	9606	Homo sapiens (human)	2632	20-58	N	pass	0	20-58	N	pass	0	20-58	N	fail	0	0	
26-39	9606	Homo sapiens (human)	2656	26-39	N	pass	0	26-39	N	pass	0	26-39	N	fail	0	0	
Mean age 10.6 years	9606	Homo sapiens (human)	2665	mean age 10.6 years	Y	pass	1	mean age 10.6 year	Y	pass	1	mean age 10.6 year	N	fail	0	2	
25-45	9606	Homo sapiens (human)	2670	25-45	N	pass	0	25-45	N	pass	0	25-45	N	fail	0	0	
mean age 39 years	9606	Homo sapiens (human)	2687	mean age 39 years	N	pass	0	mean age 39 year	Y	pass	1	mean age 39 year	N	fail	0	1	
8-10	10000662	Rattus norvegicus Lewis	2715	8-10	N	pass	0	8-10	N	pass	0	8-10	N	fail	0	0	
Average age = 60.5 years	9606	Homo sapiens (human)	2736	average age = 60.5 years	Y	pass	1	average age = 60.5 year	Y	pass	1	average age = 60.5 year	N	fail	0	2	
Average age = 36.9 years	9606	Homo sapiens (human)	2744	average age = 36.9 years	Y	pass	1	average age = 36.9 year	Y	pass	1	average age = 36.9 year	N	fail	0	2	
2 to 62	9606	Homo sapiens (human)	2776	2 to 62	N	pass	0	2 to 62	N	pass	0	2-62	Y	fail	4	4	
6 to 7 days or 8 to 12 weeks	10000216	Mus musculus C57BL/6 X BALB/c	2779	6 to 7 days or 8 to 12 weeks	N	pass	0	6 to 7 day or 8 to 12 week	Y	fail	2	6-7 day or 8-12 week	Y	fail	8	10	
mean age 30 +/- 7 years	9606	Homo sapiens (human)	2780	mean age 30 +/- 7 years	N	pass	0	mean age 30 +/- 7 year	Y	pass	1	mean age 30 +/- 7 year	N	fail	0	1	
56.6 ± 19.3 years	9606	Homo sapiens (human)	2781	56.6 +/- 19.3 years	Y	pass	3	56.6 +/- 19.3 year	Y	pass	1	56.6 +/- 19.3 year	N	fail	0	4	
average age = 54.7 years	9606	Homo sapiens (human)	2789	average age = 54.7 years	N	pass	0	average age = 54.7 year	Y	pass	1	average age = 54.7 year	N	fail	0	1	
Average age = 59.4	9606	Homo sapiens (human)	2816	average age = 59.4	Y	pass	1	average age = 59.4	N	pass	0	average age = 59.4	N	fail	0	1	
mean age  48.2 years	9606	Homo sapiens (human)	2830	mean age 48.2 years	Y	pass	1	mean age 48.2 year	Y	pass	1	mean age 48.2 year	N	fail	0	2	
mean age  40.1 years	9606	Homo sapiens (human)	2831	mean age 40.1 years	Y	pass	1	mean age 40.1 year	Y	pass	1	mean age 40.1 year	N	fail	0	2	
19-62	9606	Homo sapiens (human)	2865	19-62	N	pass	0	19-62	N	pass	0	19-62	N	fail	0	0	
37 ± 12 years	9606	Homo sapiens (human)	2870	37 +/- 12 years	Y	pass	3	37 +/- 12 year	Y	pass	1	37 +/- 12 year	N	fail	0	4	
36 ± 13 years	9606	Homo sapiens (human)	2871	36 +/- 13 years	Y	pass	3	36 +/- 13 year	Y	pass	1	36 +/- 13 year	N	fail	0	4	
6- to 7- months	10001407	Mus musculus SNF1	2915	6- to 7- months	N	pass	0	6- to 7- month	Y	pass	1	6-7- month	Y	fail	4	5	
37	9606	Homo sapiens (human)	2922	37	N	pass	0	37	N	pass	0	37	N	fail	0	0	
26.7 +/- 1.0 years	9606	Homo sapiens (human)	2950	26.7 +/- 1.0 years	N	pass	0	26.7 +/- 1.0 year	Y	pass	1	26.7 +/- 1.0 year	N	fail	0	1	
mean = 32.17±13.32 years	9606	Homo sapiens (human)	2997	mean = 32.17+/-13.32 years	Y	pass	3	mean = 32.17+/-13.32 year	Y	pass	1	mean = 32.17 +/- 13.32 year	Y	fail	2	6	
mean = 73±8.53 years	9606	Homo sapiens (human)	2998	mean = 73+/-8.53 years	Y	pass	3	mean = 73+/-8.53 year	Y	pass	1	mean = 73 +/- 8.53 year	Y	fail	2	6	
38.1 ± 14.8 years	9606	Homo sapiens (human)	3009	38.1 +/- 14.8 years	Y	pass	3	38.1 +/- 14.8 year	Y	pass	1	38.1 +/- 14.8 year	N	fail	0	4	
42.8±11.9 years	9606	Homo sapiens (human)	3040	42.8+/-11.9 years	Y	pass	3	42.8+/-11.9 year	Y	pass	1	42.8 +/- 11.9 year	Y	fail	2	6	
48.1±12.7 years	9606	Homo sapiens (human)	3044	48.1+/-12.7 years	Y	pass	3	48.1+/-12.7 year	Y	pass	1	48.1 +/- 12.7 year	Y	fail	2	6	
mean age = 13.8 years	9606	Homo sapiens (human)	3073	mean age = 13.8 years	N	pass	0	mean age = 13.8 year	Y	pass	1	mean age = 13.8 year	N	fail	0	1	
mean age = 34.8 years	9606	Homo sapiens (human)	3075	mean age = 34.8 years	N	pass	0	mean age = 34.8 year	Y	pass	1	mean age = 34.8 year	N	fail	0	1	
7	10000632	Mus musculus NOD	3090	7	N	pass	0	7	N	pass	0	7	N	fail	0	0	
mean age = 37.7 years	9606	Homo sapiens (human)	3095	mean age = 37.7 years	N	pass	0	mean age = 37.7 year	Y	pass	1	mean age = 37.7 year	N	fail	0	1	
56-85	9606	Homo sapiens (human)	3099	56-85	N	pass	0	56-85	N	pass	0	56-85	N	fail	0	0	
63	9606	Homo sapiens (human)	3101	63	N	pass	0	63	N	pass	0	63	N	fail	0	0	
26-64	9606	Homo sapiens (human)	3175	26-64	N	pass	0	26-64	N	pass	0	26-64	N	fail	0	0	
31-54	9606	Homo sapiens (human)	3178	31-54	N	pass	0	31-54	N	pass	0	31-54	N	fail	0	0	
6 months to 14 years	9606	Homo sapiens (human)	3197	6 months to 14 years	N	pass	0	6 month to 14 year	Y	fail	2	6 month to 14 year	N	fail	0	2	
mean of 12.2 years	9606	Homo sapiens (human)	3216	mean of 12.2 years	N	pass	0	mean of 12.2 year	Y	pass	1	mean of 12.2 year	N	fail	0	1	
mean of 37.0 years	9606	Homo sapiens (human)	3217	mean of 37.0 years	N	pass	0	mean of 37.0 year	Y	pass	1	mean of 37.0 year	N	fail	0	1	
6 to 8 weeks or 20 to 22 months	10000067	Mus musculus C57BL/6	3230	6 to 8 weeks or 20 to 22 months	N	pass	0	6 to 8 week or 20 to 22 month	Y	fail	2	6-8 week or 20-22 month	Y	fail	8	10	
33-63	9606	Homo sapiens (human)	3245	33-63	N	pass	0	33-63	N	pass	0	33-63	N	fail	0	0	
18-49	9606	Homo sapiens (human)	3246	18-49	N	pass	0	18-49	N	pass	0	18-49	N	fail	0	0	
25-54	9606	Homo sapiens (human)	3247	25-54	N	pass	0	25-54	N	pass	0	25-54	N	fail	0	0	
26-57	9606	Homo sapiens (human)	3251	26-57	N	pass	0	26-57	N	pass	0	26-57	N	fail	0	0	
34-35	9606	Homo sapiens (human)	3256	34-35	N	pass	0	34-35	N	pass	0	34-35	N	fail	0	0	
34-64	9606	Homo sapiens (human)	3258	34-64	N	pass	0	34-64	N	pass	0	34-64	N	fail	0	0	
32-35	9606	Homo sapiens (human)	3259	32-35	N	pass	0	32-35	N	pass	0	32-35	N	fail	0	0	
35-64	9606	Homo sapiens (human)	3260	35-64	N	pass	0	35-64	N	pass	0	35-64	N	fail	0	0	
61	9606	Homo sapiens (human)	3261	61	N	pass	0	61	N	pass	0	61	N	fail	0	0	
mean age of 49 years	9606	Homo sapiens (human)	3262	mean age of 49 years	N	pass	0	mean age of 49 year	Y	pass	1	mean age of 49 year	N	fail	0	1	
mean age of 57 years	9606	Homo sapiens (human)	3263	mean age of 57 years	N	pass	0	mean age of 57 year	Y	pass	1	mean age of 57 year	N	fail	0	1	
15-90	9606	Homo sapiens (human)	3264	15-90	N	pass	0	15-90	N	pass	0	15-90	N	fail	0	0	
54-74	9606	Homo sapiens (human)	3273	54-74	N	pass	0	54-74	N	pass	0	54-74	N	fail	0	0	
7 days or 8-10 weeks	10000216	Mus musculus C57BL/6 X BALB/c	3276	7 days or 8-10 weeks	N	pass	0	7 day or 8-10 week	Y	fail	2	7 day or 8-10 week	N	fail	0	2	
Adult (6 weeks)	10000669	Cavia porcellus Hartley	3283	adult (6 weeks)	Y	pass	1	adult (6 weeks)	N	pass	0	adult (6 weeks)	N	fail	0	1	
58-75	9606	Homo sapiens (human)	3308	58-75	N	pass	0	58-75	N	pass	0	58-75	N	fail	0	0	
56-63	9606	Homo sapiens (human)	3309	56-63	N	pass	0	56-63	N	pass	0	56-63	N	fail	0	0	
7-30	9606	Homo sapiens (human)	3326	7-30	N	pass	0	7-30	N	pass	0	7-30	N	fail	0	0	
average 44.3 years	9606	Homo sapiens (human)	3332	average 44.3 years	N	pass	0	average 44.3 year	Y	pass	1	average 44.3 year	N	fail	0	1	
average 40.8 years	9606	Homo sapiens (human)	3335	average 40.8 years	N	pass	0	average 40.8 year	Y	pass	1	average 40.8 year	N	fail	0	1	
21-79	9606	Homo sapiens (human)	3355	21-79	N	pass	0	21-79	N	pass	0	21-79	N	fail	0	0	
21-37	9606	Homo sapiens (human)	3356	21-37	N	pass	0	21-37	N	pass	0	21-37	N	fail	0	0	
29 years ± 6.5	9606	Homo sapiens (human)	3372	29 years +/- 6.5	Y	pass	3	29 year +/- 6.5	Y	pass	1	29 year +/- 6.5	N	fail	0	4	
17 to 24	9606	Homo sapiens (human)	3382	17 to 24	N	pass	0	17 to 24	N	pass	0	17-24	Y	fail	4	4	
30 years or younger	9606	Homo sapiens (human)	3386	30 years or younger	N	pass	0	30 year or younger	Y	pass	1	30 year or younger	N	fail	0	1	
32-66 years (mean = 50.3 year)	9606	Homo sapiens (human)	3394	32-66 years (mean = 50.3 year)	N	pass	0	32-66 year (mean = 50.3 year)	Y	pass	1	32-66 year (mean = 50.3 year)	N	fail	0	1	
8 to 10 weeks or 21 months	10000067	Mus musculus C57BL/6	3397	8 to 10 weeks or 21 months	N	pass	0	8 to 10 week or 21 month	Y	fail	2	8-10 week or 21 month	Y	fail	4	6	
mean age = 45.2 years	9606	Homo sapiens (human)	3408	mean age = 45.2 years	N	pass	0	mean age = 45.2 year	Y	pass	1	mean age = 45.2 year	N	fail	0	1	
6 weeks to 22 months	10000067	Mus musculus C57BL/6	3412	6 weeks to 22 months	N	pass	0	6 week to 22 month	Y	fail	2	6 week to 22 month	N	fail	0	2	
2-3 months and 18-22 months	10000067	Mus musculus C57BL/6	3420	2-3 months and 18-22 months	N	pass	0	2-3 month and 18-22 month	Y	pass	2	2-3 month and 18-22 month	N	fail	0	2	
4 days to 5 weeks	10000067	Mus musculus C57BL/6	3433	4 days to 5 weeks	N	pass	0	4 day to 5 week	Y	fail	2	4 day to 5 week	N	fail	0	2	
2-3 months or 18-20 months	10001383	Mus musculus Clone 4 TCR Tg	3457	2-3 months or 18-20 months	N	pass	0	2-3 month or 18-20 month	Y	pass	2	2-3 month or 18-20 month	N	fail	0	2	
6 weeks to 22 months	10000287	Mus musculus P14 TCR Tg	3472	6 weeks to 22 months	N	pass	0	6 week to 22 month	Y	fail	2	6 week to 22 month	N	fail	0	2	
6 to 8 weeks or > 18 months	10001438	Mus musculus BALB/cAnN	3498	6 to 8 weeks or > 18 months	N	pass	0	6 to 8 week or > 18 month	Y	fail	2	6-8 week or >18 month	Y	fail	5	7	
mean age = 58 years	9606	Homo sapiens (human)	3501	mean age = 58 years	N	pass	0	mean age = 58 year	Y	pass	1	mean age = 58 year	N	fail	0	1	
39.8 +/- 10.6 years	9606	Homo sapiens (human)	3523	39.8 +/- 10.6 years	N	pass	0	39.8 +/- 10.6 year	Y	pass	1	39.8 +/- 10.6 year	N	fail	0	1	
24-52	9606	Homo sapiens (human)	3549	24-52	N	pass	0	24-52	N	pass	0	24-52	N	fail	0	0	
19-30	9606	Homo sapiens (human)	3550	19-30	N	pass	0	19-30	N	pass	0	19-30	N	fail	0	0	
26-58	9606	Homo sapiens (human)	3551	26-58	N	pass	0	26-58	N	pass	0	26-58	N	fail	0	0	
57	9606	Homo sapiens (human)	3552	57	N	pass	0	57	N	pass	0	57	N	fail	0	0	
24-46	9606	Homo sapiens (human)	3554	24-46	N	pass	0	24-46	N	pass	0	24-46	N	fail	0	0	
18 to 35, or 65 to 95 years.	9606	Homo sapiens (human)	3557	18 to 35, or 65 to 95 years.	N	pass	0	18 to 35, or 65 to 95 year.	Y	pass	1	18-35, or 65-95 year	Y	fail	9	10	
6 to 8 weeks or 18 to 24 months	10000000	Mus musculus BALB/c	3560	6 to 8 weeks or 18 to 24 months	N	pass	0	6 to 8 week or 18 to 24 month	Y	fail	2	6-8 week or 18-24 month	Y	fail	8	10	
at least 7 weeks	10000576	Mus musculus HLA-A*02:01 Tg	3586	at least 7 weeks	N	pass	0	at least 7 week	Y	pass	1	at least 7 week	N	fail	0	1	
at least 7 weeks	10000615	Mus musculus HLA-DRB1*01:01 Tg	3587	at least 7 weeks	N	pass	0	at least 7 week	Y	pass	1	at least 7 week	N	fail	0	1	
6 motnhs to 15 years	9606	Homo sapiens (human)	3600	6 motnhs to 15 years	N	pass	0	6 month to 15 year	Y	fail	4	6 month to 15 year	N	fail	0	4	
70	9606	Homo sapiens (human)	3608	70	N	pass	0	70	N	pass	0	70	N	fail	0	0	
27 +/- 6 years	9606	Homo sapiens (human)	3617	27 +/- 6 years	N	pass	0	27 +/- 6 year	Y	pass	1	27 +/- 6 year	N	fail	0	1	
median age = 27 years	9606	Homo sapiens (human)	3618	median age = 27 years	N	pass	0	median age = 27 year	Y	pass	1	median age = 27 year	N	fail	0	1	
17 +/- 6 years	9606	Homo sapiens (human)	3626	17 +/- 6 years	N	pass	0	17 +/- 6 year	Y	pass	1	17 +/- 6 year	N	fail	0	1	
55.2 +/- 20.1 years	9606	Homo sapiens (human)	3629	55.2 +/- 20.1 years	N	pass	0	55.2 +/- 20.1 year	Y	pass	1	55.2 +/- 20.1 year	N	fail	0	1	
46.1 +/- 14.8 years	9606	Homo sapiens (human)	3631	46.1 +/- 14.8 years	N	pass	0	46.1 +/- 14.8 year	Y	pass	1	46.1 +/- 14.8 year	N	fail	0	1	
29-62	9606	Homo sapiens (human)	3640	29-62	N	pass	0	29-62	N	pass	0	29-62	N	fail	0	0	
64	9606	Homo sapiens (human)	3648	64	N	pass	0	64	N	pass	0	64	N	fail	0	0	
8-44	9606	Homo sapiens (human)	3654	8-44	N	pass	0	8-44	N	pass	0	8-44	N	fail	0	0	
2 years 8 months to 3 years 9 months	9544	Macaca mulatta (rhesus macaque)	3671	2 years 8 months to 3 years 9 months	N	pass	0	2 year 8 month to 3 year 9 month	Y	fail	4	2 year 8 month to 3 year 9 month	N	fail	0	4	
58.5 +/- 18.2 years	9606	Homo sapiens (human)	3673	58.5 +/- 18.2 years	N	pass	0	58.5 +/- 18.2 year	Y	pass	1	58.5 +/- 18.2 year	N	fail	0	1	
10 weeks or 23 weeks	10000067	Mus musculus C57BL/6	3777	10 weeks or 23 weeks	N	pass	0	10 week or 23 week	Y	pass	2	10 week or 23 week	N	fail	0	2	
8-10 weeks or 18-22 months	10000067	Mus musculus C57BL/6	3784	8-10 weeks or 18-22 months	N	pass	0	8-10 week or 18-22 month	Y	fail	2	8-10 week or 18-22 month	N	fail	0	2	
22-39	9606	Homo sapiens (human)	3792	22-39	N	pass	0	22-39	N	pass	0	22-39	N	fail	0	0	
embryonic day 15	10000067	Mus musculus C57BL/6	3797	embryonic day 15	N	pass	0	embryonic day 15	N	pass	0	embryonic day 15	N	fail	0	0	
18-40 years, 65 years and over.	9606	Homo sapiens (human)	3805	18-40 years, 65 years and over.	N	pass	0	18-40 year, 65 year and >.	Y	pass	6	18-40 year, 65 year and >	Y	fail	1	7	
1 day, 7-8 days or adult	10000067	Mus musculus C57BL/6	3821	1 day, 7-8 days or adult	N	pass	0	1 day, 7-8 day or adult	Y	pass	1	1 day, 7-8 day or adult	N	fail	0	1	
6 months to 18 years	9606	Homo sapiens (human)	3833	6 months to 18 years	N	pass	0	6 month to 18 year	Y	fail	2	6 month to 18 year	N	fail	0	2	
mean age 35 +/- 11 years	9606	Homo sapiens (human)	3847	mean age 35 +/- 11 years	N	pass	0	mean age 35 +/- 11 year	Y	pass	1	mean age 35 +/- 11 year	N	fail	0	1	
average age = 4.38 years	9606	Homo sapiens (human)	3860	average age = 4.38 years	N	pass	0	average age = 4.38 year	Y	pass	1	average age = 4.38 year	N	fail	0	1	
41 +/- 11 years	9606	Homo sapiens (human)	3868	41 +/- 11 years	N	pass	0	41 +/- 11 year	Y	pass	1	41 +/- 11 year	N	fail	0	1	
average age=36.5 years	9606	Homo sapiens (human)	3885	average age=36.5 years	N	pass	0	average age=36.5 year	Y	pass	1	average age=36.5 year	N	fail	0	1	
9 months to 81 years	9606	Homo sapiens (human)	3894	9 months to 81 years	N	pass	0	9 month to 81 year	Y	fail	2	9 month to 81 year	N	fail	0	2	
average age = 48 years	9606	Homo sapiens (human)	3895	average age = 48 years	N	pass	0	average age = 48 year	Y	pass	1	average age = 48 year	N	fail	0	1	
18+ years	9606	Homo sapiens (human)	3910	18+ years	N	pass	0	18+ year	Y	pass	1	18+ year	N	fail	0	1	
26.2 +/- 4.8 years	9606	Homo sapiens (human)	3916	26.2 +/- 4.8 years	N	pass	0	26.2 +/- 4.8 year	Y	pass	1	26.2 +/- 4.8 year	N	fail	0	1	
median 41.7 years	9606	Homo sapiens (human)	3919	median 41.7 years	N	pass	0	median 41.7 year	Y	pass	1	median 41.7 year	N	fail	0	1	
average age=32 years	9606	Homo sapiens (human)	3927	average age=32 years	N	pass	0	average age=32 year	Y	pass	1	average age=32 year	N	fail	0	1	
12 +/- 2 weeks	9913	Bos taurus (bovine)	3935	12 +/- 2 weeks	N	pass	0	12 +/- 2 week	Y	pass	1	12 +/- 2 week	N	fail	0	1	
6-8	10000582	Mus musculus HLA-A2 Tg	3949	6-8	N	pass	0	6-8	N	pass	0	6-8	N	fail	0	0	
≥ 18 years	9606	Homo sapiens (human)	3987	≥ 18 years	N	fail	0	≥ 18 year	Y	pass	1	≥ 18 year	N	fail	0	1	
58	9606	Homo sapiens (human)	3992	58	N	pass	0	58	N	pass	0	58	N	fail	0	0	
Neonates (3 or 7 days)	10000067	Mus musculus C57BL/6	4077	neonates (3 or 7 days)	Y	pass	1	neonate (3 or 7 days)	Y	pass	1	neonate (3 or 7 days)	N	fail	0	2	
Neonates (3 days)	10000067	Mus musculus C57BL/6	4083	neonates (3 days)	Y	pass	1	neonate (3 days)	Y	pass	1	neonate (3 days)	N	fail	0	2	
37-74	9606	Homo sapiens (human)	4097	37-74	N	pass	0	37-74	N	pass	0	37-74	N	fail	0	0	
6 yo 8 weeks	10000000	Mus musculus BALB/c	4107	6 yo 8 weeks	N	pass	0	6 yo 8 week	Y	pass	1	6 yo 8 week	N	fail	0	1	
6 yo 8 weeks	10000067	Mus musculus C57BL/6	4108	6 yo 8 weeks	N	pass	0	6 yo 8 week	Y	pass	1	6 yo 8 week	N	fail	0	1	
55	9606	Homo sapiens (human)	4126	55	N	pass	0	55	N	pass	0	55	N	fail	0	0	
22 to >60 years	9606	Homo sapiens (human)	4135	22 to >60 years	N	pass	0	22 to >60 year	Y	pass	1	22 to >60 year	N	fail	0	1	
12-16 weeks or 18-22 months	10000067	Mus musculus C57BL/6	4150	12-16 weeks or 18-22 months	N	pass	0	12-16 week or 18-22 month	Y	fail	2	12-16 week or 18-22 month	N	fail	0	2	
18 years or older	9606	Homo sapiens (human)	4165	18 years or older	N	pass	0	18 year or older	Y	pass	1	18 year or older	N	fail	0	1	
24	9606	Homo sapiens (human)	4181	24	N	pass	0	24	N	pass	0	24	N	fail	0	0	
24-75	9606	Homo sapiens (human)	4194	24-75	N	pass	0	24-75	N	pass	0	24-75	N	fail	0	0	
12 weeks - 22 months	10000067	Mus musculus C57BL/6	4197	12 weeks - 22 months	N	pass	0	12 week - 22 month	Y	fail	2	12 week - 22 month	N	fail	0	2	
19-45	9606	Homo sapiens (human)	4223	19-45	N	pass	0	19-45	N	pass	0	19-45	N	fail	0	0	
12 weeks to 20 months	10000067	Mus musculus C57BL/6	4225	12 weeks to 20 months	N	pass	0	12 week to 20 month	Y	fail	2	12 week to 20 month	N	fail	0	2	
6 weeks to 20 months	10000067	Mus musculus C57BL/6	4226	6 weeks to 20 months	N	pass	0	6 week to 20 month	Y	fail	2	6 week to 20 month	N	fail	0	2	
22-46	9606	Homo sapiens (human)	4249	22-46	N	pass	0	22-46	N	pass	0	22-46	N	fail	0	0	
29-83	9606	Homo sapiens (human)	4250	29-83	N	pass	0	29-83	N	pass	0	29-83	N	fail	0	0	
58.8 (average)	9606	Homo sapiens (human)	4252	58.8 (average)	N	pass	0	58.8 (average)	N	pass	0	58.8 (average)	N	fail	0	0	
10 weeks or older	10000632	Mus musculus NOD	4273	10 weeks or older	N	pass	0	10 week or older	Y	pass	1	10 week or older	N	fail	0	1	
14-56	9606	Homo sapiens (human)	4283	14-56	N	pass	0	14-56	N	pass	0	14-56	N	fail	0	0	
33	9606	Homo sapiens (human)	4293	33	N	pass	0	33	N	pass	0	33	N	fail	0	0	
mean 34.59 years	9606	Homo sapiens (human)	4304	mean 34.59 years	N	pass	0	mean 34.59 year	Y	pass	1	mean 34.59 year	N	fail	0	1	
6 ± 2 weeks	10000067	Mus musculus C57BL/6	4318	6 +/- 2 weeks	Y	pass	3	6 +/- 2 week	Y	pass	1	6 +/- 2 week	N	fail	0	4	
22.5-35.5	9606	Homo sapiens (human)	4347	22.5-35.5	N	pass	0	22.5-35.5	N	pass	0	22.5-35.5	N	fail	0	0	
62	9606	Homo sapiens (human)	4350	62	N	pass	0	62	N	pass	0	62	N	fail	0	0	
17-56	9606	Homo sapiens (human)	4369	17-56	N	pass	0	17-56	N	pass	0	17-56	N	fail	0	0	
24-55	9606	Homo sapiens (human)	4372	24-55	N	pass	0	24-55	N	pass	0	24-55	N	fail	0	0	
median 66.5 years	9606	Homo sapiens (human)	4401	median 66.5 years	N	pass	0	median 66.5 year	Y	pass	1	median 66.5 year	N	fail	0	1	
Mean age of 32.2 years with a range from 18 to 49 years	9606	Homo sapiens (human)	4408	mean age of 32.2 years with a range from 18 to 49 years	Y	pass	1	mean age of 32.2 year with a range from 18 to 49 year	Y	pass	2	mean age of 32.2 year with a range from 18-49 year	Y	fail	4	7	
41	9606	Homo sapiens (human)	4418	41	N	pass	0	41	N	pass	0	41	N	fail	0	0	
79	9606	Homo sapiens (human)	4419	79	N	pass	0	79	N	pass	0	79	N	fail	0	0	
53	9606	Homo sapiens (human)	4420	53	N	pass	0	53	N	pass	0	53	N	fail	0	0	
23	9606	Homo sapiens (human)	4435	23	N	pass	0	23	N	pass	0	23	N	fail	0	0	
58.8 ± 17.4	9606	Homo sapiens (human)	4439	58.8 +/- 17.4	Y	pass	3	58.8 +/- 17.4	N	pass	0	58.8 +/- 17.4	N	fail	0	3	
65	9606	Homo sapiens (human)	4445	65	N	pass	0	65	N	pass	0	65	N	fail	0	0	
3 months- 17 years	9606	Homo sapiens (human)	4452	3 months- 17 years	N	pass	0	3 month- 17 year	Y	fail	2	3 month- 17 year	N	fail	0	2	
21-26	9606	Homo sapiens (human)	4458	21-26	N	pass	0	21-26	N	pass	0	21-26	N	fail	0	0	
13-26	9606	Homo sapiens (human)	4472	13-26	N	pass	0	13-26	N	pass	0	13-26	N	fail	0	0	
13-17	9606	Homo sapiens (human)	4474	13-17	N	pass	0	13-17	N	pass	0	13-17	N	fail	0	0	
67	9606	Homo sapiens (human)	4489	67	N	pass	0	67	N	pass	0	67	N	fail	0	0	
52	9606	Homo sapiens (human)	4490	52	N	pass	0	52	N	pass	0	52	N	fail	0	0	
66	9606	Homo sapiens (human)	4491	66	N	pass	0	66	N	pass	0	66	N	fail	0	0	
71	9606	Homo sapiens (human)	4493	71	N	pass	0	71	N	pass	0	71	N	fail	0	0	
mean 55 years	9606	Homo sapiens (human)	4503	mean 55 years	N	pass	0	mean 55 year	Y	pass	1	mean 55 year	N	fail	0	1	
Mean age = 68 years	9606	Homo sapiens (human)	4512	mean age = 68 years	Y	pass	1	mean age = 68 year	Y	pass	1	mean age = 68 year	N	fail	0	2	
median 58 years	9606	Homo sapiens (human)	4519	median 58 years	N	pass	0	median 58 year	Y	pass	1	median 58 year	N	fail	0	1	
56	9606	Homo sapiens (human)	4527	56	N	pass	0	56	N	pass	0	56	N	fail	0	0	
1 day to 40 years	9606	Homo sapiens (human)	4528	1 day to 40 years	N	pass	0	1 day to 40 year	Y	fail	1	1 day to 40 year	N	fail	0	1	
72	9606	Homo sapiens (human)	4543	72	N	pass	0	72	N	pass	0	72	N	fail	0	0	
56 to 66	9606	Homo sapiens (human)	4556	56 to 66	N	pass	0	56 to 66	N	pass	0	56-66	Y	fail	4	4	
22-71	9606	Homo sapiens (human)	4557	22-71	N	pass	0	22-71	N	pass	0	22-71	N	fail	0	0	
56-66	9606	Homo sapiens (human)	4558	56-66	N	pass	0	56-66	N	pass	0	56-66	N	fail	0	0	
22	9606	Homo sapiens (human)	4561	22	N	pass	0	22	N	pass	0	22	N	fail	0	0	
74	9606	Homo sapiens (human)	4578	74	N	pass	0	74	N	pass	0	74	N	fail	0	0	
69	9606	Homo sapiens (human)	4582	69	N	pass	0	69	N	pass	0	69	N	fail	0	0	
69-70	9606	Homo sapiens (human)	4583	69-70	N	pass	0	69-70	N	pass	0	69-70	N	fail	0	0	
56-69	9606	Homo sapiens (human)	4584	56-69	N	pass	0	56-69	N	pass	0	56-69	N	fail	0	0	
70-71	9606	Homo sapiens (human)	4586	70-71	N	pass	0	70-71	N	pass	0	70-71	N	fail	0	0	
50–81	9606	Homo sapiens (human)	4599	50-81	Y	pass	1	50-81	N	pass	0	50-81	N	fail	0	1	
54–77	9606	Homo sapiens (human)	4634	54-77	Y	pass	1	54-77	N	pass	0	54-77	N	fail	0	1	
60-74	9606	Homo sapiens (human)	4642	60-74	N	pass	0	60-74	N	pass	0	60-74	N	fail	0	0	
66-73	9606	Homo sapiens (human)	4644	66-73	N	pass	0	66-73	N	pass	0	66-73	N	fail	0	0	
60+ years	9606	Homo sapiens (human)	4659	60+ years	N	pass	0	60+ year	Y	pass	1	60+ year	N	fail	0	1	
7 months to 44 years	9606	Homo sapiens (human)	4667	7 months to 44 years	N	pass	0	7 month to 44 year	Y	fail	2	7 month to 44 year	N	fail	0	2	
mean 58 years	9606	Homo sapiens (human)	4714	mean 58 years	N	pass	0	mean 58 year	Y	pass	1	mean 58 year	N	fail	0	1	
mean 39.7 years	9606	Homo sapiens (human)	4721	mean 39.7 years	N	pass	0	mean 39.7 year	Y	pass	1	mean 39.7 year	N	fail	0	1	
68	9606	Homo sapiens (human)	4728	68	N	pass	0	68	N	pass	0	68	N	fail	0	0	
8.4	9606	Homo sapiens (human)	4743	8.4	N	pass	0	8.4	N	pass	0	8.4	N	fail	0	0	
mean 29.7 years	9606	Homo sapiens (human)	4748	mean 29.7 years	N	pass	0	mean 29.7 year	Y	pass	1	mean 29.7 year	N	fail	0	1	
mean 18.75 years	9606	Homo sapiens (human)	4754	mean 18.75 years	N	pass	0	mean 18.75 year	Y	pass	1	mean 18.75 year	N	fail	0	1	
83-86	9606	Homo sapiens (human)	4767	83-86	N	pass	0	83-86	N	pass	0	83-86	N	fail	0	0	
4-18+ years	9606	Homo sapiens (human)	4772	4-18+ years	N	pass	0	4-18+ year	Y	pass	1	4-18+ year	N	fail	0	1	
83	9606	Homo sapiens (human)	4774	83	N	pass	0	83	N	pass	0	83	N	fail	0	0	
55 years (mean)	9606	Homo sapiens (human)	4776	55 years (mean)	N	pass	0	55 year (mean)	Y	pass	1	55 year (mean)	N	fail	0	1	
mean 56 years	9606	Homo sapiens (human)	4797	mean 56 years	N	pass	0	mean 56 year	Y	pass	1	mean 56 year	N	fail	0	1	
average age 54	9606	Homo sapiens (human)	4831	average age 54	N	pass	0	average age 54	N	pass	0	average age 54	N	fail	0	0	
16-Feb	9606	Homo sapiens (human)	4832	16-feb	Y	pass	1	16-feb	N	pass	0	16-feb	N	fail	0	1	
14 and younger	9606	Homo sapiens (human)	4839	14 and younger	N	pass	0	14 and younger	N	pass	0	14 and younger	N	fail	0	0	
2-day to 6-week old	10000000	Mus musculus BALB/c	4870	2-day to 6-week old	N	pass	0	2-day to 6-week old	N	fail	0	2 day to 6 week	Y	fail	6	6	
6-24 mo of age	9606	Homo sapiens (human)	4876	6-24 mo of age	N	pass	0	6-24 month of age	Y	pass	3	6-24 month of age	N	fail	0	3	
56.3 +/- 12.8 years	9606	Homo sapiens (human)	4894	56.3 +/- 12.8 years	N	pass	0	56.3 +/- 12.8 year	Y	pass	1	56.3 +/- 12.8 year	N	fail	0	1	
2 to >20 years	9606	Homo sapiens (human)	4901	2 to >20 years	N	pass	0	2 to >20 year	Y	pass	1	2 to >20 year	N	fail	0	1	
15-72	9606	Homo sapiens (human)	4909	15-72	N	pass	0	15-72	N	pass	0	15-72	N	fail	0	0	
14-57	9606	Homo sapiens (human)	4937	14-57	N	pass	0	14-57	N	pass	0	14-57	N	fail	0	0	
3 months to 7 years	9606	Homo sapiens (human)	4965	3 months to 7 years	N	pass	0	3 month to 7 year	Y	fail	2	3 month to 7 year	N	fail	0	2	
up to 12 weeks old	10000047	Mus musculus C57BL/10	4971	up to 12 weeks old	N	pass	0	up to 12 week old	Y	pass	1	up to 12 week	Y	fail	4	5	
36-55	9606	Homo sapiens (human)	4972	36-55	N	pass	0	36-55	N	pass	0	36-55	N	fail	0	0	
Younger than 35 years	9606	Homo sapiens (human)	4975	younger than 35 years	Y	pass	1	younger than 35 year	Y	pass	1	younger than 35 year	N	fail	0	2	
Children <5 years old	9606	Homo sapiens (human)	4994	children <5 years old	Y	pass	1	child <5 year old	Y	pass	4	child <5 year	Y	fail	4	9	
8 weeks or 12 months	10000000	Mus musculus BALB/c	5011	8 weeks or 12 months	N	pass	0	8 week or 12 month	Y	fail	2	8 week or 12 month	N	fail	0	2	
16 weeks-40 years	9606	Homo sapiens (human)	5040	16 weeks-40 years	N	pass	0	16 week-40 year	Y	fail	2	16 week-40 year	N	fail	0	2	
35.5 +/- 12.8 years	9606	Homo sapiens (human)	5091	35.5 +/- 12.8 years	N	pass	0	35.5 +/- 12.8 year	Y	pass	1	35.5 +/- 12.8 year	N	fail	0	1	
37 average	9606	Homo sapiens (human)	5098	37 average	N	pass	0	37 average	N	pass	0	37 average	N	fail	0	0	
up to 12 weeks old	10000263	Mus musculus B10.BR	5125	up to 12 weeks old	N	pass	0	up to 12 week old	Y	pass	1	up to 12 week	Y	fail	4	5	
up to 12 weeks old	10090	Mus musculus (mouse)	5130	up to 12 weeks old	N	pass	0	up to 12 week old	Y	pass	1	up to 12 week	Y	fail	4	5	
2 months to 14 years	9606	Homo sapiens (human)	5146	2 months to 14 years	N	pass	0	2 month to 14 year	Y	fail	2	2 month to 14 year	N	fail	0	2	
25-30 grams	10000000	Mus musculus BALB/c	5171	25-30 grams	N	pass	0	25-30 grams	N	pass	0	25-30 grams	N	fail	0	0	
23-80	9606	Homo sapiens (human)	5189	23-80	N	pass	0	23-80	N	pass	0	23-80	N	fail	0	0	
Adult (pregnant)	9606	Homo sapiens (human)	5205	adult (pregnant)	Y	pass	1	adult (pregnant)	N	pass	0	adult (pregnant)	N	fail	0	1	
6 months to 3 years	9606	Homo sapiens (human)	5220	6 months to 3 years	N	pass	0	6 month to 3 year	Y	fail	2	6 month to 3 year	N	fail	0	2	
birth - 5 years	9606	Homo sapiens (human)	5230	birth - 5 years	N	pass	0	birth - 5 year	Y	pass	1	birth - 5 year	N	fail	0	1	
Neonates (infected mothers or PM)	9606	Homo sapiens (human)	5235	neonates (infected mothers or pm)	Y	pass	3	neonate (infected mother or pm)	Y	pass	2	neonate (infected mother or pm)	N	fail	0	5	
18-21	9606	Homo sapiens (human)	5249	18-21	N	pass	0	18-21	N	pass	0	18-21	N	fail	0	0	
32-70	9606	Homo sapiens (human)	5259	32-70	N	pass	0	32-70	N	pass	0	32-70	N	fail	0	0	
Adult (18-49)	9606	Homo sapiens (human)	5267	adult (18-49)	Y	pass	1	adult (18-49)	N	pass	0	adult (18-49)	N	fail	0	1	
20-25 g	10000000	Mus musculus BALB/c	5272	20-25 g	N	pass	0	20-25 g	N	pass	0	20-25 g	N	fail	0	0	
mean = 45 years	9606	Homo sapiens (human)	5312	mean = 45 years	N	pass	0	mean = 45 year	Y	pass	1	mean = 45 year	N	fail	0	1	
39 +/- 2.4 years	9606	Homo sapiens (human)	5324	39 +/- 2.4 years	N	pass	0	39 +/- 2.4 year	Y	pass	1	39 +/- 2.4 year	N	fail	0	1	
Child (5-11)	9606	Homo sapiens (human)	5326	child (5-11)	Y	pass	1	child (5-11)	N	pass	0	child (5-11)	N	fail	0	1	
6 months to 53 years	9606	Homo sapiens (human)	5328	6 months to 53 years	N	pass	0	6 month to 53 year	Y	fail	2	6 month to 53 year	N	fail	0	2	
Average age of 37 years	9606	Homo sapiens (human)	5329	average age of 37 years	Y	pass	1	average age of 37 year	Y	pass	1	average age of 37 year	N	fail	0	2	
15-71	9606	Homo sapiens (human)	5343	15-71	N	pass	0	15-71	N	pass	0	15-71	N	fail	0	0	
40.0±13.7 years	9606	Homo sapiens (human)	5373	40.0+/-13.7 years	Y	pass	3	40.0+/-13.7 year	Y	pass	1	40.0 +/- 13.7 year	Y	fail	2	6	
14.4±3.8  years	9606	Homo sapiens (human)	5374	14.4+/-3.8 years	Y	pass	4	14.4+/-3.8 year	Y	pass	1	14.4 +/- 3.8 year	Y	fail	2	7	
39.88 ± 10.13	9606	Homo sapiens (human)	5380	39.88 +/- 10.13	Y	pass	3	39.88 +/- 10.13	N	pass	0	39.88 +/- 10.13	N	fail	0	3	
25 to 77	9606	Homo sapiens (human)	5382	25 to 77	N	pass	0	25 to 77	N	pass	0	25-77	Y	fail	4	4	
39.18 ± 6.77	9606	Homo sapiens (human)	5385	39.18 +/- 6.77	Y	pass	3	39.18 +/- 6.77	N	pass	0	39.18 +/- 6.77	N	fail	0	3	
27.4 ± 16.2 years	9606	Homo sapiens (human)	5400	27.4 +/- 16.2 years	Y	pass	3	27.4 +/- 16.2 year	Y	pass	1	27.4 +/- 16.2 year	N	fail	0	4	
77	9606	Homo sapiens (human)	5413	77	N	pass	0	77	N	pass	0	77	N	fail	0	0	
8 mo to 35 years	9606	Homo sapiens (human)	5429	8 mo to 35 years	N	pass	0	8 month to 35 year	Y	fail	4	8 month to 35 year	N	fail	0	4	
7 months to 14 years	9606	Homo sapiens (human)	5433	7 months to 14 years	N	pass	0	7 month to 14 year	Y	fail	2	7 month to 14 year	N	fail	0	2	
14 +/- 3 years	10000195	Capra hircus Saanen	5454	14 +/- 3 years	N	pass	0	14 +/- 3 year	Y	pass	1	14 +/- 3 year	N	fail	0	1	
>/= 18 years	9606	Homo sapiens (human)	5456	>/= 18 years	N	pass	0	>/= 18 year	Y	pass	1	>/= 18 year	N	fail	0	1	
62.8 ± 10 years	9606	Homo sapiens (human)	5460	62.8 +/- 10 years	Y	pass	3	62.8 +/- 10 year	Y	pass	1	62.8 +/- 10 year	N	fail	0	4	
2 months-12 years	9606	Homo sapiens (human)	5461	2 months-12 years	N	pass	0	2 month-12 year	Y	fail	2	2 month-12 year	N	fail	0	2	
mean = 34 years	9606	Homo sapiens (human)	5465	mean = 34 years	N	pass	0	mean = 34 year	Y	pass	1	mean = 34 year	N	fail	0	1	
69 ± 15 years	9606	Homo sapiens (human)	5472	69 +/- 15 years	Y	pass	3	69 +/- 15 year	Y	pass	1	69 +/- 15 year	N	fail	0	4	
60 ± 15 years	9606	Homo sapiens (human)	5473	60 +/- 15 years	Y	pass	3	60 +/- 15 year	Y	pass	1	60 +/- 15 year	N	fail	0	4	
37 ± 14 years	9606	Homo sapiens (human)	5474	37 +/- 14 years	Y	pass	3	37 +/- 14 year	Y	pass	1	37 +/- 14 year	N	fail	0	4	
35 years mean age	9606	Homo sapiens (human)	5476	35 years mean age	N	pass	0	35 year mean age	Y	pass	1	35 year mean age	N	fail	0	1	
mean = 71.2 years	9606	Homo sapiens (human)	5478	mean = 71.2 years	N	pass	0	mean = 71.2 year	Y	pass	1	mean = 71.2 year	N	fail	0	1	
mean = 65.04 years	9606	Homo sapiens (human)	5481	mean = 65.04 years	N	pass	0	mean = 65.04 year	Y	pass	1	mean = 65.04 year	N	fail	0	1	
62 ± 12 years	9606	Homo sapiens (human)	5483	62 +/- 12 years	Y	pass	3	62 +/- 12 year	Y	pass	1	62 +/- 12 year	N	fail	0	4	
mean = 72.4 years	9606	Homo sapiens (human)	5485	mean = 72.4 years	N	pass	0	mean = 72.4 year	Y	pass	1	mean = 72.4 year	N	fail	0	1	
55 ± 12 years	9606	Homo sapiens (human)	5487	55 +/- 12 years	Y	pass	3	55 +/- 12 year	Y	pass	1	55 +/- 12 year	N	fail	0	4	
38.15 ± 6.5	9606	Homo sapiens (human)	5491	38.15 +/- 6.5	Y	pass	3	38.15 +/- 6.5	N	pass	0	38.15 +/- 6.5	N	fail	0	3	
14.4±3.8 years	9606	Homo sapiens (human)	5493	14.4+/-3.8 years	Y	pass	3	14.4+/-3.8 year	Y	pass	1	14.4 +/- 3.8 year	Y	fail	2	6	
22-41	9606	Homo sapiens (human)	5506	22-41	N	pass	0	22-41	N	pass	0	22-41	N	fail	0	0	
39 ± 15	9606	Homo sapiens (human)	5507	39 +/- 15	Y	pass	3	39 +/- 15	N	pass	0	39 +/- 15	N	fail	0	3	
Mean age = 41.7 ± 15.1 years	9606	Homo sapiens (human)	5512	mean age = 41.7 +/- 15.1 years	Y	pass	4	mean age = 41.7 +/- 15.1 year	Y	pass	1	mean age = 41.7 +/- 15.1 year	N	fail	0	5	
Mean age = 39.8 ± 13.3 years	9606	Homo sapiens (human)	5519	mean age = 39.8 +/- 13.3 years	Y	pass	4	mean age = 39.8 +/- 13.3 year	Y	pass	1	mean age = 39.8 +/- 13.3 year	N	fail	0	5	
33.7±4.6 years	9606	Homo sapiens (human)	5521	33.7+/-4.6 years	Y	pass	3	33.7+/-4.6 year	Y	pass	1	33.7 +/- 4.6 year	Y	fail	2	6	
42.3 ± 16.4 years	9606	Homo sapiens (human)	5527	42.3 +/- 16.4 years	Y	pass	3	42.3 +/- 16.4 year	Y	pass	1	42.3 +/- 16.4 year	N	fail	0	4	
33.4±6 years	9606	Homo sapiens (human)	5529	33.4+/-6 years	Y	pass	3	33.4+/-6 year	Y	pass	1	33.4 +/- 6 year	Y	fail	2	6	
6 months - 47 years	9606	Homo sapiens (human)	5530	6 months - 47 years	N	pass	0	6 month - 47 year	Y	fail	2	6 month - 47 year	N	fail	0	2	
35.5±8.1 years	9606	Homo sapiens (human)	5535	35.5+/-8.1 years	Y	pass	3	35.5+/-8.1 year	Y	pass	1	35.5 +/- 8.1 year	Y	fail	2	6	
mean age of 39.9 years	9606	Homo sapiens (human)	5551	mean age of 39.9 years	N	pass	0	mean age of 39.9 year	Y	pass	1	mean age of 39.9 year	N	fail	0	1	
8.5 +/- 3.3 years	9606	Homo sapiens (human)	5564	8.5 +/- 3.3 years	N	pass	0	8.5 +/- 3.3 year	Y	pass	1	8.5 +/- 3.3 year	N	fail	0	1	
mean age = 38.7 years	9606	Homo sapiens (human)	5565	mean age = 38.7 years	N	pass	0	mean age = 38.7 year	Y	pass	1	mean age = 38.7 year	N	fail	0	1	
mean age = 48.94 years	9606	Homo sapiens (human)	5567	mean age = 48.94 years	N	pass	0	mean age = 48.94 year	Y	pass	1	mean age = 48.94 year	N	fail	0	1	
18 +/- 11 years	9606	Homo sapiens (human)	5571	18 +/- 11 years	N	pass	0	18 +/- 11 year	Y	pass	1	18 +/- 11 year	N	fail	0	1	
2.8 to 4.2	10001584	Sus scrofa alpha1,3GALT null	5598	2.8 to 4.2	N	pass	0	2.8 to 4.2	N	pass	0	2.8-4.2	Y	fail	4	4	
Mean age = 58±12 years	9606	Homo sapiens (human)	5614	mean age = 58+/-12 years	Y	pass	4	mean age = 58+/-12 year	Y	pass	1	mean age = 58 +/- 12 year	Y	fail	2	7	
24-49	9606	Homo sapiens (human)	5627	24-49	N	pass	0	24-49	N	pass	0	24-49	N	fail	0	0	
newborns - 29 years	9606	Homo sapiens (human)	5637	newborns - 29 years	N	pass	0	newborn - 29 year	Y	pass	2	newborn - 29 year	N	fail	0	2	
1 year 5 months to 15 years 8 months	9606	Homo sapiens (human)	5639	1 year 5 months to 15 years 8 months	N	pass	0	1 year 5 month to 15 year 8 month	Y	fail	3	1 year 5 month to 15 year 8 month	N	fail	0	3	
62	10090	Mus musculus (mouse)	5652	62	N	pass	0	62	N	pass	0	62	N	fail	0	0	
6 days to 7  months	10000639	Mus musculus NZB	5654	6 days to 7 months	Y	pass	1	6 day to 7 month	Y	fail	2	6 day to 7 month	N	fail	0	3	
average= 34.6 years	10000119	Homo sapiens Caucasian	5656	average= 34.6 years	N	pass	0	average= 34.6 year	Y	pass	1	average= 34.6 year	N	fail	0	1	
average= 53.4  years	10000119	Homo sapiens Caucasian	5658	average= 53.4 years	Y	pass	1	average= 53.4 year	Y	pass	1	average= 53.4 year	N	fail	0	2	
average= 56.4  years	10000119	Homo sapiens Caucasian	5659	average= 56.4 years	Y	pass	1	average= 56.4 year	Y	pass	1	average= 56.4 year	N	fail	0	2	
3 weeks - 6 months	9796	Equus caballus (domestic horse)	5671	3 weeks - 6 months	N	pass	0	3 week - 6 month	Y	fail	2	3 week - 6 month	N	fail	0	2	
3 months to 11 years	9606	Homo sapiens (human)	5679	3 months to 11 years	N	pass	0	3 month to 11 year	Y	fail	2	3 month to 11 year	N	fail	0	2	
22–59	9606	Homo sapiens (human)	5686	22-59	Y	pass	1	22-59	N	pass	0	22-59	N	fail	0	1	
adult, >32 years	9606	Homo sapiens (human)	5704	adult, >32 years	N	pass	0	adult, >32 year	Y	pass	1	adult, >32 year	N	fail	0	1	
median 4 years	9606	Homo sapiens (human)	5710	median 4 years	N	pass	0	median 4 year	Y	pass	1	median 4 year	N	fail	0	1	
5 to 26	9606	Homo sapiens (human)	5724	5 to 26	N	pass	0	5 to 26	N	pass	0	5-26	Y	fail	4	4	
48.6 +/- 13.5 years	9606	Homo sapiens (human)	5726	48.6 +/- 13.5 years	N	pass	0	48.6 +/- 13.5 year	Y	pass	1	48.6 +/- 13.5 year	N	fail	0	1	
14	9606	Homo sapiens (human)	5736	14	N	pass	0	14	N	pass	0	14	N	fail	0	0	
3 weeks-15 years	9606	Homo sapiens (human)	5755	3 weeks-15 years	N	pass	0	3 week-15 year	Y	fail	2	3 week-15 year	N	fail	0	2	
Mean=8.4 ± 4.3	9606	Homo sapiens (human)	5758	mean=8.4 +/- 4.3	Y	pass	4	mean=8.4 +/- 4.3	N	pass	0	mean=8.4 +/- 4.3	N	fail	0	4	
30 to 67	9606	Homo sapiens (human)	5771	30 to 67	N	pass	0	30 to 67	N	pass	0	30-67	Y	fail	4	4	
6 months - 9 years	9606	Homo sapiens (human)	5773	6 months - 9 years	N	pass	0	6 month - 9 year	Y	fail	2	6 month - 9 year	N	fail	0	2	
6 to 84	9606	Homo sapiens (human)	5774	6 to 84	N	pass	0	6 to 84	N	pass	0	6-84	Y	fail	4	4	
32 to 78	9606	Homo sapiens (human)	5778	32 to 78	N	pass	0	32 to 78	N	pass	0	32-78	Y	fail	4	4	
6-22.8	9606	Homo sapiens (human)	5781	6-22.8	N	pass	0	6-22.8	N	pass	0	6-22.8	N	fail	0	0	
adults, >32 years	9606	Homo sapiens (human)	5791	adults, >32 years	N	pass	0	adult, >32 year	Y	pass	2	adult, >32 year	N	fail	0	2	
19.8 to 38.8	9606	Homo sapiens (human)	5792	19.8 to 38.8	N	pass	0	19.8 to 38.8	N	pass	0	19.8-38.8	Y	fail	4	4	
elderly > 70 years	9606	Homo sapiens (human)	5794	elderly > 70 years	N	pass	0	elderly > 70 year	Y	pass	1	elderly >70 year	Y	fail	1	2	
3 months to 64 years	9606	Homo sapiens (human)	5797	3 months to 64 years	N	pass	0	3 month to 64 year	Y	fail	2	3 month to 64 year	N	fail	0	2	
7 months - 9 years	9606	Homo sapiens (human)	5804	7 months - 9 years	N	pass	0	7 month - 9 year	Y	fail	2	7 month - 9 year	N	fail	0	2	
3 months to 2 years	9606	Homo sapiens (human)	5806	3 months to 2 years	N	pass	0	3 month to 2 year	Y	fail	2	3 month to 2 year	N	fail	0	2	
19-49	9606	Homo sapiens (human)	5808	19-49	N	pass	0	19-49	N	pass	0	19-49	N	fail	0	0	
18-53	9606	Homo sapiens (human)	5810	18-53	N	pass	0	18-53	N	pass	0	18-53	N	fail	0	0	
17-81	9606	Homo sapiens (human)	5815	17-81	N	pass	0	17-81	N	pass	0	17-81	N	fail	0	0	
20-82	9606	Homo sapiens (human)	5819	20-82	N	pass	0	20-82	N	pass	0	20-82	N	fail	0	0	
19-43	9606	Homo sapiens (human)	5831	19-43	N	pass	0	19-43	N	pass	0	19-43	N	fail	0	0	
4 months-30 years	9606	Homo sapiens (human)	5836	4 months-30 years	N	pass	0	4 month-30 year	Y	fail	2	4 month-30 year	N	fail	0	2	
4 months-15 years	9606	Homo sapiens (human)	5840	4 months-15 years	N	pass	0	4 month-15 year	Y	fail	2	4 month-15 year	N	fail	0	2	
32-60	9606	Homo sapiens (human)	5857	32-60	N	pass	0	32-60	N	pass	0	32-60	N	fail	0	0	
mean age 45 years	9606	Homo sapiens (human)	5880	mean age 45 years	N	pass	0	mean age 45 year	Y	pass	1	mean age 45 year	N	fail	0	1	
mean age 59.8 years	9606	Homo sapiens (human)	5890	mean age 59.8 years	N	pass	0	mean age 59.8 year	Y	pass	1	mean age 59.8 year	N	fail	0	1	
50 to 68	9606	Homo sapiens (human)	5931	50 to 68	N	pass	0	50 to 68	N	pass	0	50-68	Y	fail	4	4	
Within 1 week after birth	9606	Homo sapiens (human)	5932	within 1 week after birth	Y	pass	1	within 1 week after birth	N	pass	0	within 1 week after birth	N	fail	0	1	
48-51	9606	Homo sapiens (human)	5946	48-51	N	pass	0	48-51	N	pass	0	48-51	N	fail	0	0	
13-68	9606	Homo sapiens (human)	5952	13-68	N	pass	0	13-68	N	pass	0	13-68	N	fail	0	0	
23.6-53.8	9606	Homo sapiens (human)	5964	23.6-53.8	N	pass	0	23.6-53.8	N	pass	0	23.6-53.8	N	fail	0	0	
40.6 +/- 11.4 years	9606	Homo sapiens (human)	5969	40.6 +/- 11.4 years	N	pass	0	40.6 +/- 11.4 year	Y	pass	1	40.6 +/- 11.4 year	N	fail	0	1	
14 to 45	9606	Homo sapiens (human)	5976	14 to 45	N	pass	0	14 to 45	N	pass	0	14-45	Y	fail	4	4	
75.9 +/- 7.5 years	9606	Homo sapiens (human)	6013	75.9 +/- 7.5 years	N	pass	0	75.9 +/- 7.5 year	Y	pass	1	75.9 +/- 7.5 year	N	fail	0	1	
11 to 82	9606	Homo sapiens (human)	6033	11 to 82	N	pass	0	11 to 82	N	pass	0	11-82	Y	fail	4	4	
17 to 84	9606	Homo sapiens (human)	6036	17 to 84	N	pass	0	17 to 84	N	pass	0	17-84	Y	fail	4	4	
20 to 75	9606	Homo sapiens (human)	6041	20 to 75	N	pass	0	20 to 75	N	pass	0	20-75	Y	fail	4	4	
18–73	9606	Homo sapiens (human)	6050	18-73	Y	pass	1	18-73	N	pass	0	18-73	N	fail	0	1	
38-73	9606	Homo sapiens (human)	6053	38-73	N	pass	0	38-73	N	pass	0	38-73	N	fail	0	0	
21 months-45 years	9606	Homo sapiens (human)	6064	21 months-45 years	N	pass	0	21 month-45 year	Y	fail	2	21 month-45 year	N	fail	0	2	
Median age 33 years	9606	Homo sapiens (human)	6068	median age 33 years	Y	pass	1	median age 33 year	Y	pass	1	median age 33 year	N	fail	0	2	
average age = 12.32 years	9606	Homo sapiens (human)	6081	average age = 12.32 years	N	pass	0	average age = 12.32 year	Y	pass	1	average age = 12.32 year	N	fail	0	1	
18-35	9606	Homo sapiens (human)	6085	18-35	N	pass	0	18-35	N	pass	0	18-35	N	fail	0	0	
mean age = 30.4 years	9606	Homo sapiens (human)	6089	mean age = 30.4 years	N	pass	0	mean age = 30.4 year	Y	pass	1	mean age = 30.4 year	N	fail	0	1	
52.7 +/- 10 years	9606	Homo sapiens (human)	6096	52.7 +/- 10 years	N	pass	0	52.7 +/- 10 year	Y	pass	1	52.7 +/- 10 year	N	fail	0	1	
48 +/- 12 years	9606	Homo sapiens (human)	6098	48 +/- 12 years	N	pass	0	48 +/- 12 year	Y	pass	1	48 +/- 12 year	N	fail	0	1	
66.6 +/- 7.4 years	9606	Homo sapiens (human)	6105	66.6 +/- 7.4 years	N	pass	0	66.6 +/- 7.4 year	Y	pass	1	66.6 +/- 7.4 year	N	fail	0	1	
31.63 +/- 1.37 years	9606	Homo sapiens (human)	6118	31.63 +/- 1.37 years	N	pass	0	31.63 +/- 1.37 year	Y	pass	1	31.63 +/- 1.37 year	N	fail	0	1	
36.1 years (mean)	9606	Homo sapiens (human)	6119	36.1 years (mean)	N	pass	0	36.1 year (mean)	Y	pass	1	36.1 year (mean)	N	fail	0	1	
55 ± 27 years	9606	Homo sapiens (human)	6120	55 +/- 27 years	Y	pass	3	55 +/- 27 year	Y	pass	1	55 +/- 27 year	N	fail	0	4	
24.92 +/- 0.84	9606	Homo sapiens (human)	6121	24.92 +/- 0.84	N	pass	0	24.92 +/- 0.84	N	pass	0	24.92 +/- 0.84	N	fail	0	0	
mean age = 46 years	9606	Homo sapiens (human)	6128	mean age = 46 years	N	pass	0	mean age = 46 year	Y	pass	1	mean age = 46 year	N	fail	0	1	
43.62 +/- 1.07 years	9606	Homo sapiens (human)	6129	43.62 +/- 1.07 years	N	pass	0	43.62 +/- 1.07 year	Y	pass	1	43.62 +/- 1.07 year	N	fail	0	1	
100 day fetus	10001726	Sus scrofa Miniature Minnesota	6131	100 day fetus	N	pass	0	100 day fetus	N	pass	0	100 day fetus	N	fail	0	0	
48 ± 8 years	9606	Homo sapiens (human)	6152	48 +/- 8 years	Y	pass	3	48 +/- 8 year	Y	pass	1	48 +/- 8 year	N	fail	0	4	
51.4 +/- 18 years	9606	Homo sapiens (human)	6153	51.4 +/- 18 years	N	pass	0	51.4 +/- 18 year	Y	pass	1	51.4 +/- 18 year	N	fail	0	1	
29 +/- 9 days	9913	Bos taurus (bovine)	6154	29 +/- 9 days	N	pass	0	29 +/- 9 day	Y	pass	1	29 +/- 9 day	N	fail	0	1	
Mean age of 54. 04	9606	Homo sapiens (human)	6160	mean age of 54. 04	Y	pass	1	mean age of 54. 04	N	pass	0	mean age of 54. 04	N	fail	0	1	
72.5±5.2 years	9606	Homo sapiens (human)	6167	72.5+/-5.2 years	Y	pass	3	72.5+/-5.2 year	Y	pass	1	72.5 +/- 5.2 year	Y	fail	2	6	
72.3±6.7 years	9606	Homo sapiens (human)	6168	72.3+/-6.7 years	Y	pass	3	72.3+/-6.7 year	Y	pass	1	72.3 +/- 6.7 year	Y	fail	2	6	
mean age = 38.6 years	9606	Homo sapiens (human)	6169	mean age = 38.6 years	N	pass	0	mean age = 38.6 year	Y	pass	1	mean age = 38.6 year	N	fail	0	1	
36.47 +/- 12.46 years	9606	Homo sapiens (human)	6178	36.47 +/- 12.46 years	N	pass	0	36.47 +/- 12.46 year	Y	pass	1	36.47 +/- 12.46 year	N	fail	0	1	
40.15 +/- 8.8 years	9606	Homo sapiens (human)	6179	40.15 +/- 8.8 years	N	pass	0	40.15 +/- 8.8 year	Y	pass	1	40.15 +/- 8.8 year	N	fail	0	1	
53 +/- 11 years	9606	Homo sapiens (human)	6186	53 +/- 11 years	N	pass	0	53 +/- 11 year	Y	pass	1	53 +/- 11 year	N	fail	0	1	
mean age=53.7 years	9606	Homo sapiens (human)	6188	mean age=53.7 years	N	pass	0	mean age=53.7 year	Y	pass	1	mean age=53.7 year	N	fail	0	1	
57-59	9606	Homo sapiens (human)	6200	57-59	N	pass	0	57-59	N	pass	0	57-59	N	fail	0	0	
23-66	9606	Homo sapiens (human)	6201	23-66	N	pass	0	23-66	N	pass	0	23-66	N	fail	0	0	
26-48	9606	Homo sapiens (human)	6202	26-48	N	pass	0	26-48	N	pass	0	26-48	N	fail	0	0	
19-66	9606	Homo sapiens (human)	6203	19-66	N	pass	0	19-66	N	pass	0	19-66	N	fail	0	0	
40-42	9606	Homo sapiens (human)	6204	40-42	N	pass	0	40-42	N	pass	0	40-42	N	fail	0	0	
44-47	9606	Homo sapiens (human)	6205	44-47	N	pass	0	44-47	N	pass	0	44-47	N	fail	0	0	
63-64	9606	Homo sapiens (human)	6206	63-64	N	pass	0	63-64	N	pass	0	63-64	N	fail	0	0	
31-32	9606	Homo sapiens (human)	6207	31-32	N	pass	0	31-32	N	pass	0	31-32	N	fail	0	0	
25 years mean age	9606	Homo sapiens (human)	6223	25 years mean age	N	pass	0	25 year mean age	Y	pass	1	25 year mean age	N	fail	0	1	
mean age = 65.6 years	9606	Homo sapiens (human)	6224	mean age = 65.6 years	N	pass	0	mean age = 65.6 year	Y	pass	1	mean age = 65.6 year	N	fail	0	1	
Mean age: 32.56 years	9606	Homo sapiens (human)	6234	mean age: 32.56 years	Y	pass	1	mean age: 32.56 year	Y	pass	1	mean age: 32.56 year	N	fail	0	2	
Mean age: 34 years	9606	Homo sapiens (human)	6235	mean age: 34 years	Y	pass	1	mean age: 34 year	Y	pass	1	mean age: 34 year	N	fail	0	2	
39.0 +/- 13.8 years	9606	Homo sapiens (human)	6259	39.0 +/- 13.8 years	N	pass	0	39.0 +/- 13.8 year	Y	pass	1	39.0 +/- 13.8 year	N	fail	0	1	
44.1 +/- 13.2 years	9606	Homo sapiens (human)	6269	44.1 +/- 13.2 years	N	pass	0	44.1 +/- 13.2 year	Y	pass	1	44.1 +/- 13.2 year	N	fail	0	1	
41.5 +/- 9.8 years	9606	Homo sapiens (human)	6270	41.5 +/- 9.8 years	N	pass	0	41.5 +/- 9.8 year	Y	pass	1	41.5 +/- 9.8 year	N	fail	0	1	
31.7+/-4.5	9606	Homo sapiens (human)	6271	31.7+/-4.5	N	pass	0	31.7+/-4.5	N	pass	0	31.7 +/- 4.5	Y	fail	2	2	
37.0 +/- 12.6 years	9606	Homo sapiens (human)	6273	37.0 +/- 12.6 years	N	pass	0	37.0 +/- 12.6 year	Y	pass	1	37.0 +/- 12.6 year	N	fail	0	1	
31.6+/-5.4	9606	Homo sapiens (human)	6274	31.6+/-5.4	N	pass	0	31.6+/-5.4	N	pass	0	31.6 +/- 5.4	Y	fail	2	2	
8 +/- 3 years	9606	Homo sapiens (human)	6282	8 +/- 3 years	N	pass	0	8 +/- 3 year	Y	pass	1	8 +/- 3 year	N	fail	0	1	
38+/- 11 years	9606	Homo sapiens (human)	6288	38+/- 11 years	N	pass	0	38+/- 11 year	Y	pass	1	38 +/- 11 year	Y	fail	1	2	
median age 21 years	9606	Homo sapiens (human)	6291	median age 21 years	N	pass	0	median age 21 year	Y	pass	1	median age 21 year	N	fail	0	1	
70 +/- 9 years	9606	Homo sapiens (human)	6295	70 +/- 9 years	N	pass	0	70 +/- 9 year	Y	pass	1	70 +/- 9 year	N	fail	0	1	
1 year 8 months to 68 years	9606	Homo sapiens (human)	6300	1 year 8 months to 68 years	N	pass	0	1 year 8 month to 68 year	Y	fail	2	1 year 8 month to 68 year	N	fail	0	2	
mean age = 40.3 years	9606	Homo sapiens (human)	6305	mean age = 40.3 years	N	pass	0	mean age = 40.3 year	Y	pass	1	mean age = 40.3 year	N	fail	0	1	
mean age = 63 years	9606	Homo sapiens (human)	6319	mean age = 63 years	N	pass	0	mean age = 63 year	Y	pass	1	mean age = 63 year	N	fail	0	1	
mean age = 57 years	9606	Homo sapiens (human)	6320	mean age = 57 years	N	pass	0	mean age = 57 year	Y	pass	1	mean age = 57 year	N	fail	0	1	
mean 53.8 years	9606	Homo sapiens (human)	6324	mean 53.8 years	N	pass	0	mean 53.8 year	Y	pass	1	mean 53.8 year	N	fail	0	1	
0.7 to 20.9 years (median = 11.0)	9606	Homo sapiens (human)	6328	0.7 to 20.9 years (median = 11.0)	N	pass	0	0.7 to 20.9 year (median = 11.0)	Y	pass	1	0.7-20.9 year (median = 11.0)	Y	fail	4	5	
36.2 +/- 8.9 years	9606	Homo sapiens (human)	6332	36.2 +/- 8.9 years	N	pass	0	36.2 +/- 8.9 year	Y	pass	1	36.2 +/- 8.9 year	N	fail	0	1	
58.4 +/- 14.3 years	9606	Homo sapiens (human)	6357	58.4 +/- 14.3 years	N	pass	0	58.4 +/- 14.3 year	Y	pass	1	58.4 +/- 14.3 year	N	fail	0	1	
<42-79 years	9606	Homo sapiens (human)	6359	<42-79 years	N	pass	0	<42-79 year	Y	pass	1	<42-79 year	N	fail	0	1	
1 month - 13 years	9606	Homo sapiens (human)	6362	1 month - 13 years	N	pass	0	1 month - 13 year	Y	fail	1	1 month - 13 year	N	fail	0	1	
42.18+/-13.23	9606	Homo sapiens (human)	6383	42.18+/-13.23	N	pass	0	42.18+/-13.23	N	pass	0	42.18 +/- 13.23	Y	fail	2	2	
44.94+/-15.65	9606	Homo sapiens (human)	6384	44.94+/-15.65	N	pass	0	44.94+/-15.65	N	pass	0	44.94 +/- 15.65	Y	fail	2	2	
28-82	9606	Homo sapiens (human)	6401	28-82	N	pass	0	28-82	N	pass	0	28-82	N	fail	0	0	
1 day to 103 years	9606	Homo sapiens (human)	6408	1 day to 103 years	N	pass	0	1 day to 103 year	Y	fail	1	1 day to 103 year	N	fail	0	1	
23.2 +/- 5.7 years	9606	Homo sapiens (human)	6414	23.2 +/- 5.7 years	N	pass	0	23.2 +/- 5.7 year	Y	pass	1	23.2 +/- 5.7 year	N	fail	0	1	
60.9 +/- 11 years	9606	Homo sapiens (human)	6418	60.9 +/- 11 years	N	pass	0	60.9 +/- 11 year	Y	pass	1	60.9 +/- 11 year	N	fail	0	1	
59.4 +/- 5.4 years	9606	Homo sapiens (human)	6419	59.4 +/- 5.4 years	N	pass	0	59.4 +/- 5.4 year	Y	pass	1	59.4 +/- 5.4 year	N	fail	0	1	
12-30	9606	Homo sapiens (human)	6426	12-30	N	pass	0	12-30	N	pass	0	12-30	N	fail	0	0	
1 to 5 years or > 15 years	9606	Homo sapiens (human)	6438	1 to 5 years or > 15 years	N	pass	0	1 to 5 year or > 15 year	Y	pass	2	1-5 year or >15 year	Y	fail	5	7	
mean age = 4.4 years	9544	Macaca mulatta (rhesus macaque)	6441	mean age = 4.4 years	N	pass	0	mean age = 4.4 year	Y	pass	1	mean age = 4.4 year	N	fail	0	1	
mean age 3-4 years	9606	Homo sapiens (human)	6443	mean age 3-4 years	N	pass	0	mean age 3-4 year	Y	pass	1	mean age 3-4 year	N	fail	0	1	
median age 63 years	9606	Homo sapiens (human)	6446	median age 63 years	N	pass	0	median age 63 year	Y	pass	1	median age 63 year	N	fail	0	1	
9.42 +/- 3.84 years	9606	Homo sapiens (human)	6451	9.42 +/- 3.84 years	N	pass	0	9.42 +/- 3.84 year	Y	pass	1	9.42 +/- 3.84 year	N	fail	0	1	
6.94 +/- 3.58 years	9606	Homo sapiens (human)	6452	6.94 +/- 3.58 years	N	pass	0	6.94 +/- 3.58 year	Y	pass	1	6.94 +/- 3.58 year	N	fail	0	1	
11 +/- 7 years	9606	Homo sapiens (human)	6455	11 +/- 7 years	N	pass	0	11 +/- 7 year	Y	pass	1	11 +/- 7 year	N	fail	0	1	
12.9 +/- 7.7 years	9606	Homo sapiens (human)	6456	12.9 +/- 7.7 years	N	pass	0	12.9 +/- 7.7 year	Y	pass	1	12.9 +/- 7.7 year	N	fail	0	1	
12.8 +/- 8 years	9606	Homo sapiens (human)	6457	12.8 +/- 8 years	N	pass	0	12.8 +/- 8 year	Y	pass	1	12.8 +/- 8 year	N	fail	0	1	
13.6 +/- 6.8 years	9606	Homo sapiens (human)	6458	13.6 +/- 6.8 years	N	pass	0	13.6 +/- 6.8 year	Y	pass	1	13.6 +/- 6.8 year	N	fail	0	1	
22.7 +/- 14 years	9606	Homo sapiens (human)	6459	22.7 +/- 14 years	N	pass	0	22.7 +/- 14 year	Y	pass	1	22.7 +/- 14 year	N	fail	0	1	
14.1 +/- 12 years	9606	Homo sapiens (human)	6460	14.1 +/- 12 years	N	pass	0	14.1 +/- 12 year	Y	pass	1	14.1 +/- 12 year	N	fail	0	1	
9.6 +/- 3.1 years	9606	Homo sapiens (human)	6461	9.6 +/- 3.1 years	N	pass	0	9.6 +/- 3.1 year	Y	pass	1	9.6 +/- 3.1 year	N	fail	0	1	
14.3 +/- 5.7 years	9606	Homo sapiens (human)	6462	14.3 +/- 5.7 years	N	pass	0	14.3 +/- 5.7 year	Y	pass	1	14.3 +/- 5.7 year	N	fail	0	1	
23.8 +/- 2.3 years	9606	Homo sapiens (human)	6463	23.8 +/- 2.3 years	N	pass	0	23.8 +/- 2.3 year	Y	pass	1	23.8 +/- 2.3 year	N	fail	0	1	
50.3 years median age	9606	Homo sapiens (human)	6470	50.3 years median age	N	pass	0	50.3 year median age	Y	pass	1	50.3 year median age	N	fail	0	1	
56.5 years median age	9606	Homo sapiens (human)	6471	56.5 years median age	N	pass	0	56.5 year median age	Y	pass	1	56.5 year median age	N	fail	0	1	
55.9 +/- 19.2 years	9606	Homo sapiens (human)	6476	55.9 +/- 19.2 years	N	pass	0	55.9 +/- 19.2 year	Y	pass	1	55.9 +/- 19.2 year	N	fail	0	1	
37.9 +/- 6.5 years	9606	Homo sapiens (human)	6481	37.9 +/- 6.5 years	N	pass	0	37.9 +/- 6.5 year	Y	pass	1	37.9 +/- 6.5 year	N	fail	0	1	
37.6 +/- 11.0 years	9606	Homo sapiens (human)	6482	37.6 +/- 11.0 years	N	pass	0	37.6 +/- 11.0 year	Y	pass	1	37.6 +/- 11.0 year	N	fail	0	1	
20-85	9606	Homo sapiens (human)	6496	20-85	N	pass	0	20-85	N	pass	0	20-85	N	fail	0	0	
6 weeks and 18 months	10000000	Mus musculus BALB/c	6497	6 weeks and 18 months	N	pass	0	6 week and 18 month	Y	fail	2	6 week and 18 month	N	fail	0	2	
53.7 +/- 11.2	9606	Homo sapiens (human)	6501	53.7 +/- 11.2	N	pass	0	53.7 +/- 11.2	N	pass	0	53.7 +/- 11.2	N	fail	0	0	
58.8 +/- 8.7	9606	Homo sapiens (human)	6502	58.8 +/- 8.7	N	pass	0	58.8 +/- 8.7	N	pass	0	58.8 +/- 8.7	N	fail	0	0	
mean age = 9.3 years	9606	Homo sapiens (human)	6510	mean age = 9.3 years	N	pass	0	mean age = 9.3 year	Y	pass	1	mean age = 9.3 year	N	fail	0	1	
55.7 +/- 5.7	9606	Homo sapiens (human)	6514	55.7 +/- 5.7	N	pass	0	55.7 +/- 5.7	N	pass	0	55.7 +/- 5.7	N	fail	0	0	
49.5 +/- 7.5	9606	Homo sapiens (human)	6515	49.5 +/- 7.5	N	pass	0	49.5 +/- 7.5	N	pass	0	49.5 +/- 7.5	N	fail	0	0	
mean age = 38 years	9606	Homo sapiens (human)	6517	mean age = 38 years	N	pass	0	mean age = 38 year	Y	pass	1	mean age = 38 year	N	fail	0	1	
mean 61.2 years	9606	Homo sapiens (human)	6554	mean 61.2 years	N	pass	0	mean 61.2 year	Y	pass	1	mean 61.2 year	N	fail	0	1	
median 9 years	9606	Homo sapiens (human)	6558	median 9 years	N	pass	0	median 9 year	Y	pass	1	median 9 year	N	fail	0	1	
43 +/- 12 years	9606	Homo sapiens (human)	6583	43 +/- 12 years	N	pass	0	43 +/- 12 year	Y	pass	1	43 +/- 12 year	N	fail	0	1	
36 +/- 10 years	9606	Homo sapiens (human)	6588	36 +/- 10 years	N	pass	0	36 +/- 10 year	Y	pass	1	36 +/- 10 year	N	fail	0	1	
median age: 7.5 years	9606	Homo sapiens (human)	6595	median age: 7.5 years	N	pass	0	median age: 7.5 year	Y	pass	1	median age: 7.5 year	N	fail	0	1	
46.7 yeas (mean)	9606	Homo sapiens (human)	6634	46.7 yeas (mean)	N	pass	0	46.7 year (mean)	Y	pass	1	46.7 year (mean)	N	fail	0	1	
mean age = 33.6 years	9606	Homo sapiens (human)	6638	mean age = 33.6 years	N	pass	0	mean age = 33.6 year	Y	pass	1	mean age = 33.6 year	N	fail	0	1	
1 day to 6 months	9823	Sus scrofa (pig)	6665	1 day to 6 months	N	pass	0	1 day to 6 month	Y	fail	1	1 day to 6 month	N	fail	0	1	
mean 54.37 years	9606	Homo sapiens (human)	6675	mean 54.37 years	N	pass	0	mean 54.37 year	Y	pass	1	mean 54.37 year	N	fail	0	1	
mean 39 years	9606	Homo sapiens (human)	6676	mean 39 years	N	pass	0	mean 39 year	Y	pass	1	mean 39 year	N	fail	0	1	
mean 51.32 years	9606	Homo sapiens (human)	6679	mean 51.32 years	N	pass	0	mean 51.32 year	Y	pass	1	mean 51.32 year	N	fail	0	1	
average 30.2 years	9606	Homo sapiens (human)	6685	average 30.2 years	N	pass	0	average 30.2 year	Y	pass	1	average 30.2 year	N	fail	0	1	
mean 48 years	9606	Homo sapiens (human)	6691	mean 48 years	N	pass	0	mean 48 year	Y	pass	1	mean 48 year	N	fail	0	1	
2 months - 12 years	9606	Homo sapiens (human)	6700	2 months - 12 years	N	pass	0	2 month - 12 year	Y	fail	2	2 month - 12 year	N	fail	0	2	
52 years old on average	9606	Homo sapiens (human)	6708	52 years old on average	N	pass	0	52 year old on average	Y	pass	1	52 year on average	Y	fail	4	5	
36.8 years (mean)	9606	Homo sapiens (human)	6719	36.8 years (mean)	N	pass	0	36.8 year (mean)	Y	pass	1	36.8 year (mean)	N	fail	0	1	
average 34.5 years	9606	Homo sapiens (human)	6726	average 34.5 years	N	pass	0	average 34.5 year	Y	pass	1	average 34.5 year	N	fail	0	1	
8 months to 54 years	9606	Homo sapiens (human)	6739	8 months to 54 years	N	pass	0	8 month to 54 year	Y	fail	2	8 month to 54 year	N	fail	0	2	
11 months - 55 years	9606	Homo sapiens (human)	6741	11 months - 55 years	N	pass	0	11 month - 55 year	Y	fail	2	11 month - 55 year	N	fail	0	2	
42 +/- 8.1 years	9606	Homo sapiens (human)	6765	42 +/- 8.1 years	N	pass	0	42 +/- 8.1 year	Y	pass	1	42 +/- 8.1 year	N	fail	0	1	
at least 2 months	10000206	Oryctolagus cuniculus New Zealand White	6772	at least 2 months	N	pass	0	at least 2 month	Y	pass	1	at least 2 month	N	fail	0	1	
18-38 years, with an average of 22 years	9606	Homo sapiens (human)	6774	18-38 years, with an average of 22 years	N	pass	0	18-38 year, with an average of 22 year	Y	pass	2	18-38 year, with an average of 22 year	N	fail	0	2	
47 +/- 4.5 years	9606	Homo sapiens (human)	6782	47 +/- 4.5 years	N	pass	0	47 +/- 4.5 year	Y	pass	1	47 +/- 4.5 year	N	fail	0	1	
mean 6.6 years	9606	Homo sapiens (human)	6841	mean 6.6 years	N	pass	0	mean 6.6 year	Y	pass	1	mean 6.6 year	N	fail	0	1	
average age = 50 years	9606	Homo sapiens (human)	6846	average age = 50 years	N	pass	0	average age = 50 year	Y	pass	1	average age = 50 year	N	fail	0	1	
born before 1968	9606	Homo sapiens (human)	6848	born before 1968	N	pass	0	born before 1968	N	pass	0	born before 1968	N	fail	0	0	
mean age = 71.3 years	9606	Homo sapiens (human)	6861	mean age = 71.3 years	N	pass	0	mean age = 71.3 year	Y	pass	1	mean age = 71.3 year	N	fail	0	1	
mean age = 68.3 years	9606	Homo sapiens (human)	6862	mean age = 68.3 years	N	pass	0	mean age = 68.3 year	Y	pass	1	mean age = 68.3 year	N	fail	0	1	
mean age = 66.3 years	9606	Homo sapiens (human)	6863	mean age = 66.3 years	N	pass	0	mean age = 66.3 year	Y	pass	1	mean age = 66.3 year	N	fail	0	1	
mean age = 60.1 years	9606	Homo sapiens (human)	6864	mean age = 60.1 years	N	pass	0	mean age = 60.1 year	Y	pass	1	mean age = 60.1 year	N	fail	0	1	
mean = 48 years	9606	Homo sapiens (human)	6877	mean = 48 years	N	pass	0	mean = 48 year	Y	pass	1	mean = 48 year	N	fail	0	1	
68.5 +/- 16.4 years	9606	Homo sapiens (human)	6878	68.5 +/- 16.4 years	N	pass	0	68.5 +/- 16.4 year	Y	pass	1	68.5 +/- 16.4 year	N	fail	0	1	
Mean age = 47.1 years	9606	Homo sapiens (human)	6882	mean age = 47.1 years	Y	pass	1	mean age = 47.1 year	Y	pass	1	mean age = 47.1 year	N	fail	0	2	
1.5 months to 40 years	9606	Homo sapiens (human)	6907	1.5 months to 40 years	N	pass	0	1.5 month to 40 year	Y	fail	2	1.5 month to 40 year	N	fail	0	2	
17 months - 4 years	9606	Homo sapiens (human)	6910	17 months - 4 years	N	pass	0	17 month - 4 year	Y	fail	2	17 month - 4 year	N	fail	0	2	
3 months to 15 years	9606	Homo sapiens (human)	6929	3 months to 15 years	N	pass	0	3 month to 15 year	Y	fail	2	3 month to 15 year	N	fail	0	2	
7 months to 10 years	9606	Homo sapiens (human)	6931	7 months to 10 years	N	pass	0	7 month to 10 year	Y	fail	2	7 month to 10 year	N	fail	0	2	
mean 38 years	9606	Homo sapiens (human)	6953	mean 38 years	N	pass	0	mean 38 year	Y	pass	1	mean 38 year	N	fail	0	1	
mean 11 years	9606	Homo sapiens (human)	6955	mean 11 years	N	pass	0	mean 11 year	Y	pass	1	mean 11 year	N	fail	0	1	
mean 13. 8 years	9606	Homo sapiens (human)	6956	mean 13. 8 years	N	pass	0	mean 13. 8 year	Y	pass	1	mean 13. 8 year	N	fail	0	1	
mean 30 years	9606	Homo sapiens (human)	6963	mean 30 years	N	pass	0	mean 30 year	Y	pass	1	mean 30 year	N	fail	0	1	
average age = 43.6 years	9606	Homo sapiens (human)	6990	average age = 43.6 years	N	pass	0	average age = 43.6 year	Y	pass	1	average age = 43.6 year	N	fail	0	1	
average age = 44.8 years	9606	Homo sapiens (human)	6991	average age = 44.8 years	N	pass	0	average age = 44.8 year	Y	pass	1	average age = 44.8 year	N	fail	0	1	
1 month - 4 years	9606	Homo sapiens (human)	7002	1 month - 4 years	N	pass	0	1 month - 4 year	Y	fail	1	1 month - 4 year	N	fail	0	1	
median 54 years	9606	Homo sapiens (human)	7005	median 54 years	N	pass	0	median 54 year	Y	pass	1	median 54 year	N	fail	0	1	
median 55 years	9606	Homo sapiens (human)	7006	median 55 years	N	pass	0	median 55 year	Y	pass	1	median 55 year	N	fail	0	1	
3 months to 25 years	9606	Homo sapiens (human)	7015	3 months to 25 years	N	pass	0	3 month to 25 year	Y	fail	2	3 month to 25 year	N	fail	0	2	
>/= 15 years	9606	Homo sapiens (human)	7016	>/= 15 years	N	pass	0	>/= 15 year	Y	pass	1	>/= 15 year	N	fail	0	1	
median 48 years	9606	Homo sapiens (human)	7022	median 48 years	N	pass	0	median 48 year	Y	pass	1	median 48 year	N	fail	0	1	
median 50 years	9606	Homo sapiens (human)	7023	median 50 years	N	pass	0	median 50 year	Y	pass	1	median 50 year	N	fail	0	1	
mean 63.87 years	9606	Homo sapiens (human)	7047	mean 63.87 years	N	pass	0	mean 63.87 year	Y	pass	1	mean 63.87 year	N	fail	0	1	
mean 55.4 years	9606	Homo sapiens (human)	7056	mean 55.4 years	N	pass	0	mean 55.4 year	Y	pass	1	mean 55.4 year	N	fail	0	1	
mean 53.4 years	9606	Homo sapiens (human)	7059	mean 53.4 years	N	pass	0	mean 53.4 year	Y	pass	1	mean 53.4 year	N	fail	0	1	
mean 59 years	9606	Homo sapiens (human)	7061	mean 59 years	N	pass	0	mean 59 year	Y	pass	1	mean 59 year	N	fail	0	1	
4 days - 9 months	9606	Homo sapiens (human)	7084	4 days - 9 months	N	pass	0	4 day - 9 month	Y	fail	2	4 day - 9 month	N	fail	0	2	
middle-aged	9606	Homo sapiens (human)	7088	middle-aged	N	pass	0	middle-aged	N	pass	0	middle-aged	N	fail	0	0	
6 months to 5 years	9606	Homo sapiens (human)	7094	6 months to 5 years	N	pass	0	6 month to 5 year	Y	fail	2	6 month to 5 year	N	fail	0	2	
5 months to 5 years	9606	Homo sapiens (human)	7098	5 months to 5 years	N	pass	0	5 month to 5 year	Y	fail	2	5 month to 5 year	N	fail	0	2	
6 months to 15 years	9606	Homo sapiens (human)	7099	6 months to 15 years	N	pass	0	6 month to 15 year	Y	fail	2	6 month to 15 year	N	fail	0	2	
55-74	9606	Homo sapiens (human)	7112	55-74	N	pass	0	55-74	N	pass	0	55-74	N	fail	0	0	
59	9606	Homo sapiens (human)	7117	59	N	pass	0	59	N	pass	0	59	N	fail	0	0	
75	9606	Homo sapiens (human)	7122	75	N	pass	0	75	N	pass	0	75	N	fail	0	0	
76	9606	Homo sapiens (human)	7123	76	N	pass	0	76	N	pass	0	76	N	fail	0	0	
78	9606	Homo sapiens (human)	7124	78	N	pass	0	78	N	pass	0	78	N	fail	0	0	
80	9606	Homo sapiens (human)	7125	80	N	pass	0	80	N	pass	0	80	N	fail	0	0	
81	9606	Homo sapiens (human)	7126	81	N	pass	0	81	N	pass	0	81	N	fail	0	0	
82	9606	Homo sapiens (human)	7127	82	N	pass	0	82	N	pass	0	82	N	fail	0	0	
84	9606	Homo sapiens (human)	7128	84	N	pass	0	84	N	pass	0	84	N	fail	0	0	
85	9606	Homo sapiens (human)	7129	85	N	pass	0	85	N	pass	0	85	N	fail	0	0	
86	9606	Homo sapiens (human)	7130	86	N	pass	0	86	N	pass	0	86	N	fail	0	0	
87	9606	Homo sapiens (human)	7131	87	N	pass	0	87	N	pass	0	87	N	fail	0	0	
88	9606	Homo sapiens (human)	7132	88	N	pass	0	88	N	pass	0	88	N	fail	0	0	
89	9606	Homo sapiens (human)	7133	89	N	pass	0	89	N	pass	0	89	N	fail	0	0	
90	9606	Homo sapiens (human)	7134	90	N	pass	0	90	N	pass	0	90	N	fail	0	0	
91	9606	Homo sapiens (human)	7135	91	N	pass	0	91	N	pass	0	91	N	fail	0	0	
92	9606	Homo sapiens (human)	7136	92	N	pass	0	92	N	pass	0	92	N	fail	0	0	
93	9606	Homo sapiens (human)	7137	93	N	pass	0	93	N	pass	0	93	N	fail	0	0	
94	9606	Homo sapiens (human)	7138	94	N	pass	0	94	N	pass	0	94	N	fail	0	0	
95	9606	Homo sapiens (human)	7139	95	N	pass	0	95	N	pass	0	95	N	fail	0	0	
96	9606	Homo sapiens (human)	7140	96	N	pass	0	96	N	pass	0	96	N	fail	0	0	
97	9606	Homo sapiens (human)	7141	97	N	pass	0	97	N	pass	0	97	N	fail	0	0	
98	9606	Homo sapiens (human)	7142	98	N	pass	0	98	N	pass	0	98	N	fail	0	0	
99	9606	Homo sapiens (human)	7143	99	N	pass	0	99	N	pass	0	99	N	fail	0	0	
100	9606	Homo sapiens (human)	7144	100	N	pass	0	100	N	pass	0	100	N	fail	0	0	
101	9606	Homo sapiens (human)	7145	101	N	pass	0	101	N	pass	0	101	N	fail	0	0	
