location	index	char_normalized_location	char_normalized	char_normalization_score_location	word_normalized_location	word_normalized	word_normalization_score_location	phrase_normalized_location	phrase_normalization_score_location	overall_normalization_score_location	phrase_normalized
Figure 1, Extended Data Figure 2a, Supplementary Figures 1, 2, Supplementary Table 1 and PDB 6XBL	1354	figure 1, extended data figure 2a, supplementary figures 1, 2, supplementary table 1 and pdb 6xbl	Y	14	figure 1, extended data figure 2a, supplemental figure 1, 2, supplemental table 1 and pdb 6xbl	Y	5	['figure 1', 'extended data figure 2a', 'supplemental figure 1', 'supplemental figure 2', 'supplemental table 1', 'pdb 6xbl']	94	97	Y
Additional files 2, 3, table 4	1443	additional files 2, 3, table 4	Y	1	additional file 2, 3, table 4	Y	3	['additional file 2', 'additional file 3', 'additional file 4']	10	7	Y
Figure 5, Table 1 and PDB 7D30	6311	figure 5, table 1 and pdb 7d30	Y	6	figure 5, table 1 and pdb 7d30	N	0	['figure 5', 'table 1', 'pdb 7d30']	30	30	Y
Figure 5, Table S1 and PDB 6SC9	6364	figure 5, table s1 and pdb 6sc9	Y	8	figure 5, table s1 and pdb 6sc9	N	0	['figure 5', 'table s1', 'pdb 6sc9']	31	31	Y
Figures 2, 3, 4 and 5, Tables 2, 4 and 5, PDB 1JNN	11395	figures 2, 3, 4 and 5, tables 2, 4 and 5, pdb 1jnn	Y	8	figure 2, 3, 4 and 5, table 2, 4 and 5, pdb 1jnn	Y	2	['figure 2', 'figure 3', 'figure 4', 'figure 5', 'table 2', 'table 4', 'table 5', 'pdb 1jnn']	48	50	Y
Figures 3, 4, 5, 6 and 7, Table I	13543	figures 3, 4, 5, 6 and 7, table i	Y	3	figure 3, 4, 5, 6 and 7, table 1	Y	2	['figure 3', 'figure 4', 'figure 5', 'figure 6', 'figure 7', 'table 1']	32	33	Y
Figures 3, 4, 6, S7, S8, S9, S10, Table S1 and PDB 7WO4	13747	figures 3, 4, 6, s7, s8, s9, s10, table s1 and pdb 7wo4	Y	12	figure 3, 4, 6, s7, s8, s9, s10, table s1 and pdb 7wo4	Y	1	['figure 3', 'figure 4', 'figure 6', 'figure s7', 'figure s8', 'figure s9', 'figure s10', 'table s1', 'pdb 7wo4']	54	55	Y
Figures 3b, 4b 5 and Table 1	14630	figures 3b, 4b 5 and table 1	Y	2	figure 3b, 4b 5 and table 1	Y	1	['figure 3b', 'figure 4b', 'figure 5', 'table 1']	27	28	Y
Figures 6, 7, S4, S5, Supplemental Tables 3, 4, 5, 6 and PDB 6WZJ	16209	figures 6, 7, s4, s5, supplemental tables 3, 4, 5, 6 and pdb 6wzj	Y	11	figure 6, 7, s4, s5, supplemental table 3, 4, 5, 6 and pdb 6wzj	Y	2	['figure 6', 'figure 7', 'figure s4', 'figure s5', 'supplemental table 3', 'supplemental table 4', 'supplemental table 5', 'supplemental table 6', 'pdb 6wzj']	63	65	Y
https://hla-ligand-atlas.org/peptide/AAILGMHN	17434	https://hla-ligand-atlas.org/peptide/aailgmhn	Y	8	https://hla-ligand-atlas.org/peptide/aailgmhn	N	0	['https://hla-ligand-atlas.org/peptide/aailgmhn']	45	45	N
https://hla-ligand-atlas.org/peptide/AETTLTEL	22389	https://hla-ligand-atlas.org/peptide/aettltel	Y	8	https://hla-ligand-atlas.org/peptide/aettltel	N	0	['https://hla-ligand-atlas.org/peptide/aettltel']	45	45	N
https://hla-ligand-atlas.org/peptide/AIQNLAAIKSFKVKQTQ	25231	https://hla-ligand-atlas.org/peptide/aiqnlaaiksfkvkqtq	Y	17	https://hla-ligand-atlas.org/peptide/aiqnlaaiksfkvkqtq	N	0	['https://hla-ligand-atlas.org/peptide/aiqnlaaiksfkvkqtq']	54	54	N
https://hla-ligand-atlas.org/peptide/AKTFLTVYWTPERVELAP	26359	https://hla-ligand-atlas.org/peptide/aktfltvywtpervelap	Y	18	https://hla-ligand-atlas.org/peptide/aktfltvywtpervelap	N	0	['https://hla-ligand-atlas.org/peptide/aktfltvywtpervelap']	55	55	N
https://hla-ligand-atlas.org/peptide/APGSSYPPHMQVLLPALSPT	29716	https://hla-ligand-atlas.org/peptide/apgssypphmqvllpalspt	Y	20	https://hla-ligand-atlas.org/peptide/apgssypphmqvllpalspt	N	0	['https://hla-ligand-atlas.org/peptide/apgssypphmqvllpalspt']	57	57	N
p. 3909	30133	p. 3909	N	0	part 3909	Y	3	['part 3909']	10	7	Y
https://hla-ligand-atlas.org/peptide/APYKLRPVAAEVYG	31211	https://hla-ligand-atlas.org/peptide/apyklrpvaaevyg	Y	14	https://hla-ligand-atlas.org/peptide/apyklrpvaaevyg	N	0	['https://hla-ligand-atlas.org/peptide/apyklrpvaaevyg']	51	51	N
https://hla-ligand-atlas.org/peptide/ASQGFDFNK	34169	https://hla-ligand-atlas.org/peptide/asqgfdfnk	Y	9	https://hla-ligand-atlas.org/peptide/asqgfdfnk	N	0	['https://hla-ligand-atlas.org/peptide/asqgfdfnk']	46	46	N
https://hla-ligand-atlas.org/peptide/ATLQESTFSK	35249	https://hla-ligand-atlas.org/peptide/atlqestfsk	Y	10	https://hla-ligand-atlas.org/peptide/atlqestfsk	N	0	['https://hla-ligand-atlas.org/peptide/atlqestfsk']	47	47	N
https://hla-ligand-atlas.org/peptide/DIMRVNVDKVLERDQKL	43780	https://hla-ligand-atlas.org/peptide/dimrvnvdkvlerdqkl	Y	17	https://hla-ligand-atlas.org/peptide/dimrvnvdkvlerdqkl	N	0	['https://hla-ligand-atlas.org/peptide/dimrvnvdkvlerdqkl']	54	54	N
Part II	48459	part 11	Y	2	part 11	N	0	['part 11']	8	5	Y
https://hla-ligand-atlas.org/peptide/EDPQGDAAQKTDTSHHDQ	54465	https://hla-ligand-atlas.org/peptide/edpqgdaaqktdtshhdq	Y	18	https://hla-ligand-atlas.org/peptide/edpqgdaaqktdtshhdq	N	0	['https://hla-ligand-atlas.org/peptide/edpqgdaaqktdtshhdq']	55	55	N
https://hla-ligand-atlas.org/peptide/EEFDRYSGY	55184	https://hla-ligand-atlas.org/peptide/eefdrysgy	Y	9	https://hla-ligand-atlas.org/peptide/eefdrysgy	N	0	['https://hla-ligand-atlas.org/peptide/eefdrysgy']	46	46	N
https://hla-ligand-atlas.org/peptide/EEILLNSY	55651	https://hla-ligand-atlas.org/peptide/eeillnsy	Y	8	https://hla-ligand-atlas.org/peptide/eeillnsy	N	0	['https://hla-ligand-atlas.org/peptide/eeillnsy']	45	45	N
https://hla-ligand-atlas.org/peptide/EKYEKDIAAYRAKGKPDA	59938	https://hla-ligand-atlas.org/peptide/ekyekdiaayrakgkpda	Y	18	https://hla-ligand-atlas.org/peptide/ekyekdiaayrakgkpda	N	0	['https://hla-ligand-atlas.org/peptide/ekyekdiaayrakgkpda']	55	55	N
https://hla-ligand-atlas.org/peptide/EPAEFIIDTRDAG	61570	https://hla-ligand-atlas.org/peptide/epaefiidtrdag	Y	13	https://hla-ligand-atlas.org/peptide/epaefiidtrdag	N	0	['https://hla-ligand-atlas.org/peptide/epaefiidtrdag']	50	50	N
https://hla-ligand-atlas.org/peptide/ETLQHIFRV	65093	https://hla-ligand-atlas.org/peptide/etlqhifrv	Y	9	https://hla-ligand-atlas.org/peptide/etlqhifrv	N	0	['https://hla-ligand-atlas.org/peptide/etlqhifrv']	46	46	N
https://hla-ligand-atlas.org/peptide/ETQSIEKTSAKDLAPT	65259	https://hla-ligand-atlas.org/peptide/etqsiektsakdlapt	Y	16	https://hla-ligand-atlas.org/peptide/etqsiektsakdlapt	N	0	['https://hla-ligand-atlas.org/peptide/etqsiektsakdlapt']	53	53	N
https://hla-ligand-atlas.org/peptide/EVIQTSSHY	66471	https://hla-ligand-atlas.org/peptide/eviqtsshy	Y	9	https://hla-ligand-atlas.org/peptide/eviqtsshy	N	0	['https://hla-ligand-atlas.org/peptide/eviqtsshy']	46	46	N
https://hla-ligand-atlas.org/peptide/FAFRGQYCYE	68232	https://hla-ligand-atlas.org/peptide/fafrgqycye	Y	10	https://hla-ligand-atlas.org/peptide/fafrgqycye	N	0	['https://hla-ligand-atlas.org/peptide/fafrgqycye']	47	47	N
https://hla-ligand-atlas.org/peptide/FDSDVGEFRAVTELGRPDAE	69371	https://hla-ligand-atlas.org/peptide/fdsdvgefravtelgrpdae	Y	20	https://hla-ligand-atlas.org/peptide/fdsdvgefravtelgrpdae	N	0	['https://hla-ligand-atlas.org/peptide/fdsdvgefravtelgrpdae']	57	57	N
https://hla-ligand-atlas.org/peptide/FGFPEGSVEL	70898	https://hla-ligand-atlas.org/peptide/fgfpegsvel	Y	10	https://hla-ligand-atlas.org/peptide/fgfpegsvel	N	0	['https://hla-ligand-atlas.org/peptide/fgfpegsvel']	47	47	N
https://hla-ligand-atlas.org/peptide/FKQQKYEINVLRNRINDNQK	72412	https://hla-ligand-atlas.org/peptide/fkqqkyeinvlrnrindnqk	Y	20	https://hla-ligand-atlas.org/peptide/fkqqkyeinvlrnrindnqk	N	0	['https://hla-ligand-atlas.org/peptide/fkqqkyeinvlrnrindnqk']	57	57	N
https://hla-ligand-atlas.org/peptide/FKVFTVSYFHEDLQG	72538	https://hla-ligand-atlas.org/peptide/fkvftvsyfhedlqg	Y	15	https://hla-ligand-atlas.org/peptide/fkvftvsyfhedlqg	N	0	['https://hla-ligand-atlas.org/peptide/fkvftvsyfhedlqg']	52	52	N
https://hla-ligand-atlas.org/peptide/FQEIRMLKKVVSVHPG	75483	https://hla-ligand-atlas.org/peptide/fqeirmlkkvvsvhpg	Y	16	https://hla-ligand-atlas.org/peptide/fqeirmlkkvvsvhpg	N	0	['https://hla-ligand-atlas.org/peptide/fqeirmlkkvvsvhpg']	53	53	N
https://hla-ligand-atlas.org/peptide/FSTDAFSSPPQG	77467	https://hla-ligand-atlas.org/peptide/fstdafssppqg	Y	12	https://hla-ligand-atlas.org/peptide/fstdafssppqg	N	0	['https://hla-ligand-atlas.org/peptide/fstdafssppqg']	49	49	N
https://hla-ligand-atlas.org/peptide/GEVVLSRKV	83165	https://hla-ligand-atlas.org/peptide/gevvlsrkv	Y	9	https://hla-ligand-atlas.org/peptide/gevvlsrkv	N	0	['https://hla-ligand-atlas.org/peptide/gevvlsrkv']	46	46	N
https://hla-ligand-atlas.org/peptide/GKEFSGNPIKVSFAT	86268	https://hla-ligand-atlas.org/peptide/gkefsgnpikvsfat	Y	15	https://hla-ligand-atlas.org/peptide/gkefsgnpikvsfat	N	0	['https://hla-ligand-atlas.org/peptide/gkefsgnpikvsfat']	52	52	N
https://hla-ligand-atlas.org/peptide/GMKGIVLFVSKVLEEPK	88566	https://hla-ligand-atlas.org/peptide/gmkgivlfvskvleepk	Y	17	https://hla-ligand-atlas.org/peptide/gmkgivlfvskvleepk	N	0	['https://hla-ligand-atlas.org/peptide/gmkgivlfvskvleepk']	54	54	N
https://hla-ligand-atlas.org/peptide/GQHVTGSPFQFTVGPL	91113	https://hla-ligand-atlas.org/peptide/gqhvtgspfqftvgpl	Y	16	https://hla-ligand-atlas.org/peptide/gqhvtgspfqftvgpl	N	0	['https://hla-ligand-atlas.org/peptide/gqhvtgspfqftvgpl']	53	53	N
https://hla-ligand-atlas.org/peptide/GTHVGYSSSRE	94505	https://hla-ligand-atlas.org/peptide/gthvgysssre	Y	11	https://hla-ligand-atlas.org/peptide/gthvgysssre	N	0	['https://hla-ligand-atlas.org/peptide/gthvgysssre']	48	48	N
https://hla-ligand-atlas.org/peptide/HDSIKMEIVDHALH	97148	https://hla-ligand-atlas.org/peptide/hdsikmeivdhalh	Y	14	https://hla-ligand-atlas.org/peptide/hdsikmeivdhalh	N	0	['https://hla-ligand-atlas.org/peptide/hdsikmeivdhalh']	51	51	N
https://hla-ligand-atlas.org/peptide/IAALRASFNNPDR	101339	https://hla-ligand-atlas.org/peptide/iaalrasfnnpdr	Y	13	https://hla-ligand-atlas.org/peptide/iaalrasfnnpdr	N	0	['https://hla-ligand-atlas.org/peptide/iaalrasfnnpdr']	50	50	N
https://hla-ligand-atlas.org/peptide/IEKPAGPPGILALLDE	103620	https://hla-ligand-atlas.org/peptide/iekpagppgilallde	Y	16	https://hla-ligand-atlas.org/peptide/iekpagppgilallde	N	0	['https://hla-ligand-atlas.org/peptide/iekpagppgilallde']	53	53	N
https://hla-ligand-atlas.org/peptide/IFSMVGLYY	104467	https://hla-ligand-atlas.org/peptide/ifsmvglyy	Y	9	https://hla-ligand-atlas.org/peptide/ifsmvglyy	N	0	['https://hla-ligand-atlas.org/peptide/ifsmvglyy']	46	46	N
https://hla-ligand-atlas.org/peptide/IRHLKDEM	110965	https://hla-ligand-atlas.org/peptide/irhlkdem	Y	8	https://hla-ligand-atlas.org/peptide/irhlkdem	N	0	['https://hla-ligand-atlas.org/peptide/irhlkdem']	45	45	N
https://hla-ligand-atlas.org/peptide/KIKRLRKKF	120215	https://hla-ligand-atlas.org/peptide/kikrlrkkf	Y	9	https://hla-ligand-atlas.org/peptide/kikrlrkkf	N	0	['https://hla-ligand-atlas.org/peptide/kikrlrkkf']	46	46	N
https://hla-ligand-atlas.org/peptide/KIMESLPQI	120302	https://hla-ligand-atlas.org/peptide/kimeslpqi	Y	9	https://hla-ligand-atlas.org/peptide/kimeslpqi	N	0	['https://hla-ligand-atlas.org/peptide/kimeslpqi']	46	46	N
https://hla-ligand-atlas.org/peptide/KLYPWIHQF	123192	https://hla-ligand-atlas.org/peptide/klypwihqf	Y	9	https://hla-ligand-atlas.org/peptide/klypwihqf	N	0	['https://hla-ligand-atlas.org/peptide/klypwihqf']	46	46	N
https://hla-ligand-atlas.org/peptide/KRAEFTVETRSAGQG	126257	https://hla-ligand-atlas.org/peptide/kraeftvetrsagqg	Y	15	https://hla-ligand-atlas.org/peptide/kraeftvetrsagqg	N	0	['https://hla-ligand-atlas.org/peptide/kraeftvetrsagqg']	52	52	N
https://hla-ligand-atlas.org/peptide/KTQHFVSAKTMPELYD	128346	https://hla-ligand-atlas.org/peptide/ktqhfvsaktmpelyd	Y	16	https://hla-ligand-atlas.org/peptide/ktqhfvsaktmpelyd	N	0	['https://hla-ligand-atlas.org/peptide/ktqhfvsaktmpelyd']	53	53	N
https://hla-ligand-atlas.org/peptide/LDYLSSLKVKGLVL	132711	https://hla-ligand-atlas.org/peptide/ldylsslkvkglvl	Y	14	https://hla-ligand-atlas.org/peptide/ldylsslkvkglvl	N	0	['https://hla-ligand-atlas.org/peptide/ldylsslkvkglvl']	51	51	N
https://hla-ligand-atlas.org/peptide/LFIGKILDPRGP	134576	https://hla-ligand-atlas.org/peptide/lfigkildprgp	Y	12	https://hla-ligand-atlas.org/peptide/lfigkildprgp	N	0	['https://hla-ligand-atlas.org/peptide/lfigkildprgp']	49	49	N
https://hla-ligand-atlas.org/peptide/LFPTSTSLSPF	134658	https://hla-ligand-atlas.org/peptide/lfptstslspf	Y	11	https://hla-ligand-atlas.org/peptide/lfptstslspf	N	0	['https://hla-ligand-atlas.org/peptide/lfptstslspf']	48	48	N
https://hla-ligand-atlas.org/peptide/LIAGQINTY	135783	https://hla-ligand-atlas.org/peptide/liagqinty	Y	9	https://hla-ligand-atlas.org/peptide/liagqinty	N	0	['https://hla-ligand-atlas.org/peptide/liagqinty']	46	46	N
https://hla-ligand-atlas.org/peptide/LKPLDIEFMKRLHEKVN	136938	https://hla-ligand-atlas.org/peptide/lkpldiefmkrlhekvn	Y	17	https://hla-ligand-atlas.org/peptide/lkpldiefmkrlhekvn	N	0	['https://hla-ligand-atlas.org/peptide/lkpldiefmkrlhekvn']	54	54	N
https://hla-ligand-atlas.org/peptide/LVHSSVETY	146028	https://hla-ligand-atlas.org/peptide/lvhssvety	Y	9	https://hla-ligand-atlas.org/peptide/lvhssvety	N	0	['https://hla-ligand-atlas.org/peptide/lvhssvety']	46	46	N
https://hla-ligand-atlas.org/peptide/MYIARQLSF	150674	https://hla-ligand-atlas.org/peptide/myiarqlsf	Y	9	https://hla-ligand-atlas.org/peptide/myiarqlsf	N	0	['https://hla-ligand-atlas.org/peptide/myiarqlsf']	46	46	N
https://hla-ligand-atlas.org/peptide/NAGIMPNPQLNIKALF	150937	https://hla-ligand-atlas.org/peptide/nagimpnpqlnikalf	Y	16	https://hla-ligand-atlas.org/peptide/nagimpnpqlnikalf	N	0	['https://hla-ligand-atlas.org/peptide/nagimpnpqlnikalf']	53	53	N
https://hla-ligand-atlas.org/peptide/NATIRNVL	151179	https://hla-ligand-atlas.org/peptide/natirnvl	Y	8	https://hla-ligand-atlas.org/peptide/natirnvl	N	0	['https://hla-ligand-atlas.org/peptide/natirnvl']	45	45	N
https://hla-ligand-atlas.org/peptide/NKISKIHEKAFSPLRKLQK	153701	https://hla-ligand-atlas.org/peptide/nkiskihekafsplrklqk	Y	19	https://hla-ligand-atlas.org/peptide/nkiskihekafsplrklqk	N	0	['https://hla-ligand-atlas.org/peptide/nkiskihekafsplrklqk']	56	56	N
https://hla-ligand-atlas.org/peptide/NWQWWRLFT	158177	https://hla-ligand-atlas.org/peptide/nwqwwrlft	Y	9	https://hla-ligand-atlas.org/peptide/nwqwwrlft	N	0	['https://hla-ligand-atlas.org/peptide/nwqwwrlft']	46	46	N
https://hla-ligand-atlas.org/peptide/PVSSTNEKDMYSFLEDMGLKA	161348	https://hla-ligand-atlas.org/peptide/pvsstnekdmysfledmglka	Y	21	https://hla-ligand-atlas.org/peptide/pvsstnekdmysfledmglka	N	0	['https://hla-ligand-atlas.org/peptide/pvsstnekdmysfledmglka']	58	58	N
https://hla-ligand-atlas.org/peptide/QEHYSSLKGLT	162396	https://hla-ligand-atlas.org/peptide/qehysslkglt	Y	11	https://hla-ligand-atlas.org/peptide/qehysslkglt	N	0	['https://hla-ligand-atlas.org/peptide/qehysslkglt']	48	48	N
https://hla-ligand-atlas.org/peptide/QGQKKVEELEGEITT	163269	https://hla-ligand-atlas.org/peptide/qgqkkveelegeitt	Y	15	https://hla-ligand-atlas.org/peptide/qgqkkveelegeitt	N	0	['https://hla-ligand-atlas.org/peptide/qgqkkveelegeitt']	52	52	N
https://hla-ligand-atlas.org/peptide/QQVLDVKSY	165093	https://hla-ligand-atlas.org/peptide/qqvldvksy	Y	9	https://hla-ligand-atlas.org/peptide/qqvldvksy	N	0	['https://hla-ligand-atlas.org/peptide/qqvldvksy']	46	46	N
https://hla-ligand-atlas.org/peptide/QRTQAPAVATT	165385	https://hla-ligand-atlas.org/peptide/qrtqapavatt	Y	11	https://hla-ligand-atlas.org/peptide/qrtqapavatt	N	0	['https://hla-ligand-atlas.org/peptide/qrtqapavatt']	48	48	N
https://hla-ligand-atlas.org/peptide/QVLVYDDET	166016	https://hla-ligand-atlas.org/peptide/qvlvyddet	Y	9	https://hla-ligand-atlas.org/peptide/qvlvyddet	N	0	['https://hla-ligand-atlas.org/peptide/qvlvyddet']	46	46	N
https://hla-ligand-atlas.org/peptide/REAEFTKSIA	167523	https://hla-ligand-atlas.org/peptide/reaeftksia	Y	10	https://hla-ligand-atlas.org/peptide/reaeftksia	N	0	['https://hla-ligand-atlas.org/peptide/reaeftksia']	47	47	N
https://hla-ligand-atlas.org/peptide/RPLYKNIVL	173563	https://hla-ligand-atlas.org/peptide/rplyknivl	Y	9	https://hla-ligand-atlas.org/peptide/rplyknivl	N	0	['https://hla-ligand-atlas.org/peptide/rplyknivl']	46	46	N
https://hla-ligand-atlas.org/peptide/SEFQHVISRSPDFASSF	181536	https://hla-ligand-atlas.org/peptide/sefqhvisrspdfassf	Y	17	https://hla-ligand-atlas.org/peptide/sefqhvisrspdfassf	N	0	['https://hla-ligand-atlas.org/peptide/sefqhvisrspdfassf']	54	54	N
Abbreviations pabe 44	186249	abbreviations pabe 44	Y	1	abbreviations pdb 44	Y	3	['abbreviations', 'pdb 44']	14	11	Y
https://hla-ligand-atlas.org/peptide/SLDDLLTNV	187084	https://hla-ligand-atlas.org/peptide/slddlltnv	Y	9	https://hla-ligand-atlas.org/peptide/slddlltnv	N	0	['https://hla-ligand-atlas.org/peptide/slddlltnv']	46	46	N
https://hla-ligand-atlas.org/peptide/SPFRHVFWGSGSHTLPA	190007	https://hla-ligand-atlas.org/peptide/spfrhvfwgsgshtlpa	Y	17	https://hla-ligand-atlas.org/peptide/spfrhvfwgsgshtlpa	N	0	['https://hla-ligand-atlas.org/peptide/spfrhvfwgsgshtlpa']	54	54	N
https://hla-ligand-atlas.org/peptide/SPGDEVWGVVWKMNKSNLNSLDE	190041	https://hla-ligand-atlas.org/peptide/spgdevwgvvwkmnksnlnslde	Y	23	https://hla-ligand-atlas.org/peptide/spgdevwgvvwkmnksnlnslde	N	0	['https://hla-ligand-atlas.org/peptide/spgdevwgvvwkmnksnlnslde']	60	60	N
https://hla-ligand-atlas.org/peptide/SQQPSYGGQQQSYGQQQS	192535	https://hla-ligand-atlas.org/peptide/sqqpsyggqqqsygqqqs	Y	18	https://hla-ligand-atlas.org/peptide/sqqpsyggqqqsygqqqs	N	0	['https://hla-ligand-atlas.org/peptide/sqqpsyggqqqsygqqqs']	55	55	N
https://hla-ligand-atlas.org/peptide/SQTTISWAPFQDTSEY	192725	https://hla-ligand-atlas.org/peptide/sqttiswapfqdtsey	Y	16	https://hla-ligand-atlas.org/peptide/sqttiswapfqdtsey	N	0	['https://hla-ligand-atlas.org/peptide/sqttiswapfqdtsey']	53	53	N
https://hla-ligand-atlas.org/peptide/SRKESYSIY	193304	https://hla-ligand-atlas.org/peptide/srkesysiy	Y	9	https://hla-ligand-atlas.org/peptide/srkesysiy	N	0	['https://hla-ligand-atlas.org/peptide/srkesysiy']	46	46	N
https://hla-ligand-atlas.org/peptide/STVGEHRQVV	196066	https://hla-ligand-atlas.org/peptide/stvgehrqvv	Y	10	https://hla-ligand-atlas.org/peptide/stvgehrqvv	N	0	['https://hla-ligand-atlas.org/peptide/stvgehrqvv']	47	47	N
https://hla-ligand-atlas.org/peptide/SVIQSIIFK	196746	https://hla-ligand-atlas.org/peptide/sviqsiifk	Y	9	https://hla-ligand-atlas.org/peptide/sviqsiifk	N	0	['https://hla-ligand-atlas.org/peptide/sviqsiifk']	46	46	N
https://hla-ligand-atlas.org/peptide/TLIPYYISV	203972	https://hla-ligand-atlas.org/peptide/tlipyyisv	Y	9	https://hla-ligand-atlas.org/peptide/tlipyyisv	N	0	['https://hla-ligand-atlas.org/peptide/tlipyyisv']	46	46	N
https://hla-ligand-atlas.org/peptide/TLQYKLLEPVLLLG	204322	https://hla-ligand-atlas.org/peptide/tlqykllepvlllg	Y	14	https://hla-ligand-atlas.org/peptide/tlqykllepvlllg	N	0	['https://hla-ligand-atlas.org/peptide/tlqykllepvlllg']	51	51	N
https://hla-ligand-atlas.org/peptide/TPSGSREGSL	206211	https://hla-ligand-atlas.org/peptide/tpsgsregsl	Y	10	https://hla-ligand-atlas.org/peptide/tpsgsregsl	N	0	['https://hla-ligand-atlas.org/peptide/tpsgsregsl']	47	47	N
https://hla-ligand-atlas.org/peptide/TVYLQMNSLRAED	210019	https://hla-ligand-atlas.org/peptide/tvylqmnslraed	Y	13	https://hla-ligand-atlas.org/peptide/tvylqmnslraed	N	0	['https://hla-ligand-atlas.org/peptide/tvylqmnslraed']	50	50	N
https://hla-ligand-atlas.org/peptide/VDTKHQTL	212804	https://hla-ligand-atlas.org/peptide/vdtkhqtl	Y	8	https://hla-ligand-atlas.org/peptide/vdtkhqtl	N	0	['https://hla-ligand-atlas.org/peptide/vdtkhqtl']	45	45	N
https://hla-ligand-atlas.org/peptide/VFDKDGNGYISA	214564	https://hla-ligand-atlas.org/peptide/vfdkdgngyisa	Y	12	https://hla-ligand-atlas.org/peptide/vfdkdgngyisa	N	0	['https://hla-ligand-atlas.org/peptide/vfdkdgngyisa']	49	49	N
https://hla-ligand-atlas.org/peptide/VFPKAVSMPSFSILGS	214820	https://hla-ligand-atlas.org/peptide/vfpkavsmpsfsilgs	Y	16	https://hla-ligand-atlas.org/peptide/vfpkavsmpsfsilgs	N	0	['https://hla-ligand-atlas.org/peptide/vfpkavsmpsfsilgs']	53	53	N
https://hla-ligand-atlas.org/peptide/VIAQGIGKLASVPAGGAVAV	216179	https://hla-ligand-atlas.org/peptide/viaqgigklasvpaggavav	Y	20	https://hla-ligand-atlas.org/peptide/viaqgigklasvpaggavav	N	0	['https://hla-ligand-atlas.org/peptide/viaqgigklasvpaggavav']	57	57	N
https://hla-ligand-atlas.org/peptide/VKKMMKDNNLVRHLDA	217221	https://hla-ligand-atlas.org/peptide/vkkmmkdnnlvrhlda	Y	16	https://hla-ligand-atlas.org/peptide/vkkmmkdnnlvrhlda	N	0	['https://hla-ligand-atlas.org/peptide/vkkmmkdnnlvrhlda']	53	53	N
https://hla-ligand-atlas.org/peptide/VKVGVNGFGRIGRLVT	217517	https://hla-ligand-atlas.org/peptide/vkvgvngfgrigrlvt	Y	16	https://hla-ligand-atlas.org/peptide/vkvgvngfgrigrlvt	N	0	['https://hla-ligand-atlas.org/peptide/vkvgvngfgrigrlvt']	53	53	N
https://hla-ligand-atlas.org/peptide/VYVGAVNRI	227169	https://hla-ligand-atlas.org/peptide/vyvgavnri	Y	9	https://hla-ligand-atlas.org/peptide/vyvgavnri	N	0	['https://hla-ligand-atlas.org/peptide/vyvgavnri']	46	46	N
https://hla-ligand-atlas.org/peptide/WDPFRDWYPH	227406	https://hla-ligand-atlas.org/peptide/wdpfrdwyph	Y	10	https://hla-ligand-atlas.org/peptide/wdpfrdwyph	N	0	['https://hla-ligand-atlas.org/peptide/wdpfrdwyph']	47	47	N
https://hla-ligand-atlas.org/peptide/WEEGATSQTV	227526	https://hla-ligand-atlas.org/peptide/weegatsqtv	Y	10	https://hla-ligand-atlas.org/peptide/weegatsqtv	N	0	['https://hla-ligand-atlas.org/peptide/weegatsqtv']	47	47	N
https://hla-ligand-atlas.org/peptide/YAFGKFPTV	229196	https://hla-ligand-atlas.org/peptide/yafgkfptv	Y	9	https://hla-ligand-atlas.org/peptide/yafgkfptv	N	0	['https://hla-ligand-atlas.org/peptide/yafgkfptv']	46	46	N
https://hla-ligand-atlas.org/peptide/YENPNLKGV	230715	https://hla-ligand-atlas.org/peptide/yenpnlkgv	Y	9	https://hla-ligand-atlas.org/peptide/yenpnlkgv	N	0	['https://hla-ligand-atlas.org/peptide/yenpnlkgv']	46	46	N
https://hla-ligand-atlas.org/peptide/YKTTPPVLDSDGSF	232595	https://hla-ligand-atlas.org/peptide/ykttppvldsdgsf	Y	14	https://hla-ligand-atlas.org/peptide/ykttppvldsdgsf	N	0	['https://hla-ligand-atlas.org/peptide/ykttppvldsdgsf']	51	51	N
https://hla-ligand-atlas.org/peptide/YLDPAQRGV	232787	https://hla-ligand-atlas.org/peptide/yldpaqrgv	Y	9	https://hla-ligand-atlas.org/peptide/yldpaqrgv	N	0	['https://hla-ligand-atlas.org/peptide/yldpaqrgv']	46	46	N
https://hla-ligand-atlas.org/peptide/YLSDIPLHDA	233451	https://hla-ligand-atlas.org/peptide/ylsdiplhda	Y	10	https://hla-ligand-atlas.org/peptide/ylsdiplhda	N	0	['https://hla-ligand-atlas.org/peptide/ylsdiplhda']	47	47	N
Table 1 and Supplemental Table S5	244587	table 1 and supplemental table s5	Y	4	table 1 and supplemental table s5	N	0	['table 1', 'supplemental table s5']	33	33	Y
Table I, Figure 1	246895	table i, figure 1	Y	3	table 1, figure 1	Y	1	['table 1', 'figure 1']	17	17	Y
Tables 1and 2, Figures 2 and 4	248678	tables 1and 2, figures 2 and 4	Y	2	table 1and 2, figure 2 and 4	Y	2	['table 2', 'figure 2', 'figure 4']	28	30	Y
